id,data,label
2859,    @SpiritByNature @RoyalFamily @pritipatel @England Why does anyone deserve it?? If you've looked that hard you note that lots of people from different walks of life get it. Why did Mark Allen get one or Peter Boorman or Karen Dobson? Do you disagree with their honors? Normal folk just doing their job??,Neutral
2860,                                                                                                                                                                                        just letting the tl know that i am supporting england tonight and if i say something about italy i don‚Äôt mean it i promise,Neutral
2861,                                                                                                                                                                                                                                                                             In other news bears shit in the woods,Negative
2862,                                                                                                                                                                                                                                        On so many levels I can‚Äôt get behind #EURO2020 But mainly because of this.,Neutral
2863,                                                                                                                                                                                                                                        All I'm gonna say is COME ON ITALY!  #ITA  #ITAENG https://t.co/E7nZMqftzC,Positive
2864,                                                                                                                                                                                                                             I bet @Nigel_Farage thought he'd arrive to a hero's welcome!  https://t.co/vh2khlDrGc,Neutral
2865,"                                                                                                                                                                                                                                                                                       Come on, they got no chance",Negative
2866,                                                                                                                                                 Hundreds of thousands of fans go to away games every week. Just shows proper match going fans don't need to behave like this. Match Slags the lot of them #ENGITA,Negative
2867,                                                                                                                                                                            This BBC montage is beautiful. I‚Äôm so proud of the boys man. One more round!!! Come on England!!!  #England #ThreeLions #Euro2020Final,Positive
2868,                                                                                                                                                                                                                                                                                            Come on England!! #ENG,Positive
2869,                                                                                                                                                                                                                                                           @ProdigyDDK @Funkayyyy Why didn‚Äôt you bet on Italy then,Neutral
2870,"                                                                                                                                                   @StephenAppiah predicted win for Denmark üá©üá∞ and loss, Today he‚Äôs predicted win for @azzurri and going to lose again. @England Win tonight üè¥Û†ÅßÛ†Å¢Û†Å•Û†ÅÆÛ†ÅßÛ†Åø  @JoySportsGH",Neutral
2871,                                                                                                                                                               Rooting for Italy today only because I keep remembering how British people say ‚Äúoregano‚Äù and ‚Äúaluminum‚Äù and I get irrationally angry all over again,Negative
2872,                                                                                                                                                                                                                                                                              Shittting myself. COME ON ENGLAND!!!,Positive
2873,                                                                                                                                                                                         If England win tonight I‚Äôll let the kids I‚Äôve abduct go free...They‚Äôll be coming home   #EURO2020 #eng #EuroFinal #3Lions,Neutral
2874,                                                                                                                                                                                                                                                     Has the guy who bought the cup out been hypnotised? #EURO2020,Neutral
2875,                                                                                                                                                                                   England wins ill force myself to watch one episode of the British version of the office and 10 minutes of a Ricky Gervais movie,Neutral
2876,"                                                                                                                                  Kinda ready for England to disappoint without Saka or Grealish in the field. If they are think they‚Äôll bring the big guns in later, Italy is going to score early and sit tight.",Neutral
2877,                                                                                                                                                                                                                                                                                          Lovin the boos üòÇ #ITAENG,Positive
2878,                                                                                                                                                                                                                                                    Yeah I'm shitting it now! Cmon England! #ItsComingHome üè¥Û†ÅßÛ†Å¢Û†Å•Û†ÅÆÛ†ÅßÛ†Åø,Positive
2879,                                                                                                                                                                                                                                                                                                   COME ON ENGLAND,Positive
2880,                                                                                                                                                                                                                                                                 Come on england! üè¥Û†ÅßÛ†Å¢Û†Å•Û†ÅÆÛ†ÅßÛ†Åø #ENG #ThreeLions #ITAENG,Positive
2881,"                                                                                                                                                                                                                                               @davidkwatt My in-laws are English and cvnts, so 100% Italy for me.",Neutral
2882,                                                                                                                                                                                                                                                                     England basically on the biggest stag do ever,Negative
2883,                                                                                                                                                                                                                                              England fans booing Italy‚Äôs national anthem. Is this even necessary?,Neutral
2884,                                                                                                                                                                                  England fans boo'ing again at the opponents national anthem.. disgusting fanbase Hopefully italy will omegatrash them üáÆüáπüáÆüáπüáÆüáπüáÆüáπüáÆüáπ,Negative
2885,                                                                                                                                                                                                                                                                              Surprised Sterling didn't dive there,Neutral
2886,                                                                                                                                                                                                                                  @TinyFootballCar has a new livery! #Euro2020Final #EURO2020 #ENG #EnglandvsItaly,Neutral
2887,                                                                                                                                                                                                                                                                                 The Englishmen at it again. ü§¶üèæ‚Äç‚ôÇÔ∏è,Negative
2888,Renovating our kitchen after 15 years. It‚Äôs a disaster and I‚Äôve been trying for two days to make it serviceable for our fam of six. Acourse pushing the mess aside to make proper tea @PGtips for my boy and me. Time to drop everything for the game! Go England! #FullEnglish üè¥Û†ÅßÛ†Å¢Û†Å•Û†ÅÆÛ†ÅßÛ†Åø üá∫üá∏ https://t.co/ZPZECfFggS,Neutral
2889,                                                                                                                                                                                                                                                                     We're all Italy üáÆüáπ tonight I guess. #Euro2020,Neutral
2890,                                                                                                                                                                                                                                                                         YAYYYY ENGLAND SCORED LOUIS WILL BE HAPPY,Positive
2891,                                                                                                                                                                                                                               My face when they don't accept my Scottish money in England https://t.co/zg58QlVlnh,Neutral
2892,                                                                                                                                                                                                                                                                                            STOP ROOTING FOR ITALY,Neutral
2893,                                                                                                                                             Are you fucking kidding?!?! Yes England!!!! üè¥Û†ÅßÛ†Å¢Û†Å•Û†ÅÆÛ†ÅßÛ†Åø‚öΩüè¥Û†ÅßÛ†Å¢Û†Å•Û†ÅÆÛ†ÅßÛ†Åø‚öΩü§ç‚ù§Ô∏èü§ç‚ù§Ô∏è #Euro2020Final #England #EnglandvsItaly #ENGITA #ENG #EURO2020 #footballscominghome #ItsComingHome,Positive
2894,                                                                                                                                                                                                                                              Jose mourinho after look shaw scored #ITAENG https://t.co/PFwsc5uaWB,Neutral
2895,                                                                                                                                                                                                                                                                            My prediction: 4-3 Italy üáÆüáπ  #EURO2020,Neutral
2896,                                                                                                                                                                                                        ‚öΩ 2' LUKE SHAWWWWW !!!! L'ANGLETERRE D√âJ√Ä DEVANT ! https://t.co/TB7c5GBU4O #ITAENG https://t.co/rbSHv5Lbwl,Neutral
2897,"                                                                                                                                                                                   The description of Luke Shaw just given by the ESPN announcers is so sad, but I can't stop laughing. #EURO2020 #ENG #ThreeLions",Neutral
2898,                                                                                                                                                                                                                                                                            WHAT RHE FUCK IS ITALY DOING BAHAHAHAH,Negative
2899,"                                                                        @BleacherReport @brfootball @TUDNUSA If Italy wins, it was a rigged tournament. Every game except against the weakest opponent, England got no home games in the knockouts.  If England wins it COUNTS. They‚Äôre the ones at a disadvantage",Neutral
2900,                                                                                                                                                                                                                                                                         really need a pickford or maguire blunder,Negative
2901,                                                                                                                                                                                                                                                                                    MY FUCKIN LEFT BACK!!! #ENGITA,Positive
2902,                                                                                                                                                               @NickBrightDJ Omfg I can‚Äôt believe that start!!!! We‚Äôve gotta be more smart not giving away set pieces around the area thou!! Cone ON ENGLAND!!!!!!,Positive
2903,                                                                                                                                                                                                                                                                                      England winning this #ITAENG,Positive
2904,                                                                                                                                                                                                                                                                                       italy are playing rough wtf,Negative
2905,                                                                                                 tbh i kinda want england to lose just so i can see the utter disappointment on everyone's faces at school  everyone's all upset and complaining while i'm just immune because i couldn't care less about football,Neutral
2906,                                                                                                                                                                                                                                                                       im rooting for england ü§∑üèæ‚Äç‚ôÄÔ∏è #Euro2020Final,Positive
2907,                                                                                                                                                                                                                                                                                free sterling from chiellinis arms,Neutral
2908,                                                                                                                                                                                                                                                     If England wins i'll become the Joker https://t.co/gtGcTs0OfS,Neutral
2909,                                                                                                                                                                                                                                                 rooting for england because tomorrow's monday and i need to sleep,Neutral
2910,"                                                                                                                                                           the thing ALL europe knows is that england doesn‚Äôt deserve the cup, it‚Äôs not even because of italy being there right now. it‚Äôs undeserved and that‚Äôs it",Negative
2911,"                                                                                                                                        England has been giving it their all since the first minute which scares me because I don‚Äôt want their energy to go down later on, and for Italy to take that opportunity.",Neutral
2912,                                                                                                                                                                                                                                                                   Everyone is team England‚Ä¶team Italy fo) wo hen?,Neutral
2915,                                                                                                                                                                                                       If Italy want any chance at all to win this game they need to stop England‚Äôs wingbacks from running on them,Neutral
2916,                                                                                                                                                                                                                                                                 Frello struggling against my man Mount. Love it üò§,Positive
2917,                                                                                                                                                                                                                                         torn.. Italy is my sweepsteak team #Euro2020Final https://t.co/vERGpwU4oo,Neutral
2918,"                                                                                                                                                                                                                                                              Can someone tell Italy, this is a final for God sake",Negative
2919,                                                                                                                                                                                                              why is everyone talking about england v italy when it isn‚Äôt on until tuesday https://t.co/IRYRu7bgKU,Neutral
2920,                                                                                                                                                                                                                                                            @german29470 Same here...i really hope Italy will win!,Positive
2921,                                                                                                                                                                                                                                             @Edit_Kev Immobile not getting much change atm. Long may it continue!,Positive
2922,                                                                                                                                                                                                                                                                           #ENGITA   Luke Shaw 1 - Jose Mourinho 0,Neutral
2923,"                                                                         @HinacchiT It will be a noticeable difference if Italy doesn't win ‚Äì their fans won't do another multiple hours long motorcade constantly honking. It was really loud and annoying in my area recently, so I actually care a little bit üòÜ",Neutral
2924,"                                                                                                                                                                                                                                              England, TTUN, and Liverpool fans go on a daily basis of who‚Äôs worse",Negative
2925,                                                                                                                                                                                                                                                                          england will win üè¥Û†ÅßÛ†Å¢Û†Å•Û†ÅÆÛ†ÅßÛ†ÅøüíÇüèª‚Äç‚ôÇÔ∏è#prediction,Positive
2926,                                                                                                                                                                                                                                         if italy wins im gonna eat pasta everyday for the rest of my life COME ON,Positive
2927,                                                                                                                                                                                                                                                     This Is The Main Reason I Said England Will Win ! Thank You üëç,Positive
2928,"                                                                                                                                           Kane is the best striker in the world without a doubt. Every time I watch him play, I am more convinced that no other striker has the abilities that he possesses. #ENG",Positive
2929,                                                                                                                                                                                                                                                                                 @technerd_brads Come on Italy  üáÆüáπ,Positive
2930,                                                                                                                                                                                                                                                                            Just enjoy the Shaw. #EURO2020 #ENGITA,Positive
2931,                                                                                                                                                                                                                                                                        It's coming home  FING-SQUIRT f√ºr England!,Positive
2932,                                                                                                                                                                                                                                                                                     The Shaw must go on ! #ENGITA,Neutral
2933,                                                                                                                                                                                                                                                                           if england lose i won‚Äôt be sexy anymore,Neutral
2934,                                                                                                                                                                                                                                                                        Oh man that doesn‚Äôt look good for Jorginho,Neutral
2935,                                                                                                                                                                                                                                                                                please italy besties can you score,Neutral
2936,                                                                                                                                                                                                                                                                   @nobody_stop_me Lol you would route for England,Neutral
2937,                                                                                                                                                                                   Fuck me Tom cruise gets about. First Wimbledon men's final and now euro's final! Is the church on a fund raising drive? #ITAENG,Negative
2938,                                                                                                                                                                                                                                                          @KopBlock205 Seems he‚Äôs also a keen England fan as well!,Positive
2939,                                                                                                                                                                                  Prince George was all of us when England scored that goal in 2 minutes! üè¥Û†ÅßÛ†Å¢Û†Å•Û†ÅÆÛ†ÅßÛ†Åøü¶Å  #ENGITA #Euro2020Final https://t.co/jKbmED9DfK,Neutral
2940,"                                                                                                                                                           That sterling is a greedy üêñ, if just releases it to team mate they could create really good chances.. He tries to run through them all. üôÑ #England #ENG",Negative
2941,                                                                                                                                                         Imagine 2 years ago or any amount of years in my lifetime if anyone would have claimed England would have been in the final of any tournament anywhere. üòÇ,Negative
2942,                                                                                                                                                                                               If England win there‚Äôs going to be almost as much carnage on the streets of London as if they lose.  #euro2020final,Neutral
2943,                                                                                                                                                                                                               Were Jorginho and David Palmer separated at birth. Before the better player dyed his hair of course,Neutral
2944,                                                                                                                                                                                                                                                                                           Immobile sucking ass rn,Negative
2945,                                                                                                                                                                                                               tom cruise getting inspo for the next mission impossible... england actually doing well at football,Neutral
2946,"                                                                                                                                                                                                                            If England win, I‚Äôll be happy for Harry Kane and no one else. #Euro2020Final #EURO2020",Negative
2947,                                                                                                                                                                                                                                                                          COME ON ENGLAND!!! üè¥Û†ÅßÛ†Å¢Û†Å•Û†ÅÆÛ†ÅßÛ†Åøüè¥Û†ÅßÛ†Å¢Û†Å•Û†ÅÆÛ†ÅßÛ†Åøüè¥Û†ÅßÛ†Å¢Û†Å•Û†ÅÆÛ†ÅßÛ†Åø,Positive
2948,                                                                                                                                                                                                                                                             the england manager is hotter so i might support them,Positive
2949,                                                                                                                                                                                                                                                                              @JoySportsGH 1goal England 1 Italy 0,Neutral
2950,                                                                                                                                                                                                                                  But PLEASE can shitty English fans stop booing every time Italy gets possession?,Negative
2951,                                                                                                                                                                                                                                                                           football doesn‚Äôt revolve around louis ?,Neutral
2952,                                                                                                                                                                                                                           @whydontwemusic I missed the england goal for this and honestly  it was kinda worth itüò≠,Neutral
2953,                                                                                                                                                                                                                                                                      @Curious11100195 Italy with A bit of luck üòÇüòÇ,Positive
2956,                                                                                                                                                                                                                                                       why are people booing when Italy gets the ball jesus christ,Negative
2960,                                                                                                                                                                                                                                                                       COME ON ENGLAND!!!! https://t.co/AWjA45oRIp,Positive
2961,                                                                                                                                                                                                                                                               @Louis_Tomlinson y‚Äôall still want england to win? p,Neutral
2963,                                                                                                                                                                                                             Fucking @TomCruise is on our side we cannot lose.üè¥Û†ÅßÛ†Å¢Û†Å•Û†ÅÆÛ†ÅßÛ†Åø‚ù§ C'MON ENGLAND #ItsComingHome #euro2021final,Positive
2964,                                                                                                                                                                                                                                                                                              If Italy don‚Äôt win üòæ,Negative
2965,                                                                                                                                                                                                    People crying because the match is being held in England where it was decided in 2012. https://t.co/TzPWElkstx,Neutral
2966,                                                                                                                                                                                                                                                                             update me pls is Italy scores or sumn,Neutral
2967,                                                                                                                                                                                                                                      Those Southgate coats are going to be sold out tomorrow aren‚Äôt they? #ENGITA,Neutral
2968,                                                                                                                                                                                                                                                           Still can‚Äôt believe England scored first üè¥Û†ÅßÛ†Å¢Û†Å•Û†ÅÆÛ†ÅßÛ†Åøüè¥Û†ÅßÛ†Å¢Û†Å•Û†ÅÆÛ†ÅßÛ†Åø,Positive
2969,                                                                                                                                                                                                                                                                                        @Abdiysl20 Italy got thisü•±,Neutral
2970,                                                                                                                                                                                  That Emerson for Italy looks like Massimo from the Wedding Planner. Only @stabiloFFC will have any idea what I'm going on about.,Neutral
2971,"                                 I honestly couldn't care less about who wins tonight. I used to be patriotic but after seeing both the UK and Italy, another country I've visited and loved  freely support the implementation of communism in their countries. I'm no longer patriotic and couldn't give a shit.",Negative
2972,"                                                                                                                                                                                                              @WayOfAce If olmo did score early or that cunt Oyarzabal , Italy would look worst than them look now",Negative
2973,                                                                                                                                                                                                                                                                                Harry Kane. PULL YOURSELF TOGETHER,Negative
2974,                                                                                                                                                                                       Rock you like a Luke Shaw - sounds way less catchy than Rock you like a Harry Kane. But no complaints from me #GoEngland üá¨üá¨,Positive
2975,                                                                                                                                                                                                                                                                                        Immobile be foolish player,Negative
2976,                                                                                                                                                                                                                                                                                    @UTDTrey This mount stinker ü§£ü§£,Negative
2977,                     Pengland üè¥Û†ÅßÛ†Å¢Û†Å•Û†ÅÆÛ†ÅßÛ†Åø  road to micky mouse final:  -Retirement home Croatia üá≠üá∑  -Scottish Pub fighters üè¥Û†ÅßÛ†Å¢Û†Å≥Û†Å£Û†Å¥Û†Åø  -Patrik ¬´ no help ¬ª Schick üá®üáø  -Lucky win against Germany üá©üá™  -Ukraine farmers üá∫üá¶  -Robbed Denmark üá©üá∞  England is  still in the group stage and this run doesn't count in my book‚ùå,Negative
2978,                                                                                                                                                                                                                                              Harry Kane getting handled and ref seeing through his BS? I love it.,Positive
2979,"                                                                                                                                                                                                                       Soccer is a lot like lesbian period films: not a lot of scoring, tons of emotion. #EURO2020",Neutral
2980,                                                                                                                                                                                                                Instead of booing the Italians stsrt shouting for England you lot lucky enough to be there #ENGITA,Neutral
2981,                                                                                                                                                                                                                                                                                                  Hook Mount at HT,Negative
2982,                                                                                                                                                                                                                                                             No why iz england winning this wasn‚Äôt meant to happen,Neutral
2983,"                                                                                                                                                                                         fuck you male football fans, literally any other group of people does this, the feds would beat us all into the afterlife",Negative
2984,                                                                                                                                                                                                                                                 @Lexie_Mariex 1-0 England and now this.  today is the day of dubs,Positive
2985,"                                                                                                                                                                                             @ZeroCool138 Ummm , England ? I'm watching in the Spanish channel for the 1st time in a while. Had to pick my poison.",Neutral
2986,                                                                                                                                                                                                                 italy have been the best team in the tournament until they go and play england what is their luck,Neutral
2987,                                                                                                                                                                                                                                      Surely Sterling knows the Olympics Diving team has already been selected ü§£ü§£ü§£,Negative
2988,"                                                                                                                                                                                                                                                             @England Dw, it's coming home https://t.co/yEX1pjWz97",Positive
2989,                                                                                                                                                                                                                                                                               Get up you ponce Sterling #EURO2020,Negative
2990,                                                                                                                                                                                                                                                        Sterling it‚Äôs easier to score if you stay on your feet pal,Negative
2991,                                                                                                                                                                                                                                                                                      Sterling said MOVE FROM MEüò≠üòÇ,Negative
2992,                                                                                                                                                                                   Wonder if Italy realizes that England are happy to just sit back on a 1-0 lead and keep Italy out of the box. #ITAENG #EURO2020,Neutral
2993,                                                                                                                                                                                                                                                                 I feel for something nice.   Like England winning,Positive
2994,"                                                                                                                                                                                                                                                                             Ahh the England fans, a lovely bunch!",Positive
2995,                                                                                                  @_aarava I‚Äôm not Shaw I‚Äôll be able to. He‚Äôs gonna worth some serious Sterling after this I‚Äôm not gonna lie. As long as none of the Italians Trippier up in the box trying to win penalties I think we‚Äôll be fine,Neutral
2996,                                                                                                                                                                                                                                                                                    What a block! Stones na baller,Positive
2997,                                                                                                                                                                                                                                                                     This England squad is full of stupid haircuts,Negative
2998,                                                                                                                                                                                                                                                           Mount whenever he gets the ball https://t.co/O02p5bu6zr,Neutral
2999,                                                                                                                                                                                                                Seems like Italy is warming up now and getting into the game more #ENGITA #Euro2020Final #EURO2020,Neutral
3000,"                                                                                                                        #EURO2020   ‚è±Ô∏è 45'+1 - #Immobile's first-time attempt is blocked by Stones, while Pickford then comfortably collects #Verratti's follow-up...   #ITAENG 0Ô∏è‚É£-1‚É£  #ITA #Azzurri #VivoAzzurro",Neutral
3001,                                                                                                                                                                                                                                                                                  Sterling said don't touch meeeee,Negative
3002,"                                                                                                                                                                                                        England had no responsibility to make the rest of this game entertaining. I would love it, but a W is a W.",Neutral
3003,                                                                                                                                                                                                                                                                          Fuck halftime. Just keep playing #itaeng,Negative
3004,                                                                                                                                                             My dad nd i were talking abt who is going to win nd it got a lil heated so now my macbook pro is at stake if italy doesnot win . üò≠ü§∑üèª‚Äç‚ôÄÔ∏èüò≠üò≠üò≠üò≠üò≠üò≠ü§†ü§†üò≠üò≠ü§†üò≠ü§†ü§†,Neutral
3005,                                                                                                                                                                                                                                   pls g0d don‚Äôt let fucking england win i cant have that happen bruh i just can‚Äôt,Negative
3006,                                                                                                                                                                              The only way I‚Äôm accepting England winning this Finals is if Saka comes off the bench scores/assist other than that  ENGLAND NOTHING,Negative
3007,                                                                                                                                                                                                                                                                         italy better give me good shit after this,Negative
3008,                                                                                                                                                                                                                                                                          Can‚Äôt cap Italy have been underwhelming.,Negative
3009,                                                                                                                                                                                                                                                       Wanna say Shaw got lucky but he‚Äôs a decent player.  #ITAENG,Neutral
3010,                                                                                                                                                                                            @WiddasTy any thoughts of what's gonna happen in the 2nd half? I think England is gonna get a goal at the start again.,Neutral
3011,"                                                                                                                           After an exciting start that was, for the neutral, pish. I hoped for a better reaction from Italy but England have them in their pocket. Still, it‚Äôs a game of two halves and all that.",Neutral
3012,                                                                                                                                                                                                                                                                                    immobile living up to his name,Neutral
3013,                                                                                                                                                                                                                                     @footballitalia Not like Italy would‚Äôve parked if they scored first. Garbage.,Negative
3014,"                                                                                                                                                                                                          @arielhelwani don‚Äôt cheer them on Ariel , this is happening all over their country. They deserve nothing",Negative
3015,"                                                                                                                                                                                                                      Wow. No matter the final score tonight, what a team! üè¥Û†ÅßÛ†Å¢Û†Å•Û†ÅÆÛ†ÅßÛ†Åø‚ù§Ô∏èüè¥Û†ÅßÛ†Å¢Û†Å•Û†ÅÆÛ†ÅßÛ†Åø   We love you England.",Positive
3016,                                                                                                                                                                                                                                           The mafia have threatened Italy these man not coming home without a win,Neutral
3017,                                                                                                                                                                                                                                                                            England is the reason for my downfalls,Negative
3018,                                                                                                             Extra ordinary first half from the #ENG side &amp; no real gameplay reactions from #ITA yet but we need a second ‚öΩ to secure the final along with our front foot defense!! Let's go #ENGITA #EURO2020,Positive
3019,                                                                                                                                                                   @urswitchbitch To me Italy looks like they dont rlly know what to do with Englands new playstyle. But maybe they turn it up in the second half!,Neutral
3021,"                                                                                                                                                                                                                                              Alright, hoping Italy comes back from halftime with renewed strength",Neutral
3022,                                                                                                                                                                                                                                                           STOP BOOING THE ITALIAN TEAM!!!!! üò° #ITA #ENG #EURO2020,Negative
3024,                                                                                                                                                                                                                               I wonder how many people missed England‚Äôs goal while queuing for drinks in the pub?,Neutral
3025,                                                                                                                                                                                                                                                                                maybe u should sit down then amira,Negative
3026,                                                                                                                                                                                                                                  That Beckham-Cruise fist bump is the best highlight of the game so far #EURO2020,Neutral
3027,                                                                                                                                          @EddieOliech It's actually noticeable that Kane has matured in his game since Mou times and drops back to pick that role and a defensive one sometimes. Top lad that one,Positive
3028,"                                                                                                                                                                                                       @JohnCassidy Italy, who had more overtime matches than England, is noticeably tired. Shame they‚Äòre not fit.",Neutral
3029,                                                                                                                                                                                                                                    @KingofKens If England win the Euro‚Äôs tonight nobody will in England will care,Neutral
3030,"                                                                                                                          @straygoat @EdCallowWrites @CleanNorfolkLtd @charlescommins Yep, agreed. Even Mount has done some good work positionally.   Playing wing backs has proven a brilliant tactical decision.",Positive
3031,                                                                                                                                                                                                                                                                  Massive 45 minutes coming up for England üè¥Û†ÅßÛ†Å¢Û†Å•Û†ÅÆÛ†ÅßÛ†Åø,Neutral
3032,                                                                                                                                                                                                                                                                                   Every single time he‚Äôs started.,Neutral
3033,"                                                                                                                                                                                                                        Come on @England 45ish minutes left you can do this lads, we all believe in you ü¶Åü¶Åü¶Åüè¥Û†ÅßÛ†Å¢Û†Å•Û†ÅÆÛ†ÅßÛ†Åø",Positive
3034,                                                                                                   @timrodad @pseudointellecc @sai_dadddy ppl thinking greenwood would make the squad funnier than rashford and sancho not even being second choice behind saka thru most of the euros lol https://t.co/G7CG8E2733,Neutral
3035,"                                                                                                                                                                                                                                                      To me they are doing very well, they have Mount for creation",Positive
3036,                                                                                                                        Half time and its 0-1 to England üè¥Û†ÅßÛ†Å¢Û†Å•Û†ÅÆÛ†ÅßÛ†Åø   @England come on lads we have another 45 minutes!!   #UefaEuro2020 #UEFAEuro2020Final #footballscominghome #ITAENG #eng https://t.co/wXOdbuyZtF,Positive
3037,                                                                                                                                                                                                                                                                  @needyremss im from england but support italy üáÆüáπ,Neutral
3038,                                                                                                                     Yes yes andrea pirlo cheer for üè¥Û†ÅßÛ†Å¢Û†Å•Û†ÅÆÛ†ÅßÛ†Åø ü§£üí™üèª #eng¬† #ENGITA #FinalEuro2020 #Euro2020Final #EURO2020¬† #Euro2021 #ItsComingHome üí™üèª @England @EURO2020  #3Lions #ThreeLions https://t.co/4VYusQ8u8K,Positive
3039,                                                                                                                                                                                                                                                                      We know. We‚Äôre here for Raheem Sterling too!,Neutral
3040,                                                                                                                                                                                                                          üî¥LIVE  ITALY VS ENGLAND ( 0 - 1 ) - EURO 2020 FINAL https://t.co/Ov96RvEy35 via @YouTube,Neutral
3041,                                                                                                                                                                                                                                                            Lets go England 45 minutes from champion you have this,Positive
3043,                                                                                                        Gareth Southgate and this England Team do a Professional Job - its like #MambaMentality but #JobNotDone lets Go Bring this Home Now #ItalyEngland #ENG #ThreeLions #Euro2020Final #EURO2020 #ItsComingHome,Positive
3044,                                                                                                                                                                                                                                                        @005e5n @skldnxo Come on England üè¥Û†ÅßÛ†Å¢Û†Å•Û†ÅÆÛ†ÅßÛ†Åøüè¥Û†ÅßÛ†Å¢Û†Å•Û†ÅÆÛ†ÅßÛ†Åøüè¥Û†ÅßÛ†Å¢Û†Å•Û†ÅÆÛ†ÅßÛ†ÅøüçªüçªüçªüíÄ,Positive
3045,                                                                                                                                                                                        England are a absolutely fantastic football team and it‚Äôs not their fault that they have the worst fans in the world. #ENG,Positive
3046,                                                                                                                                                                                                                                                            Mount is talented mahn. He is way above Foden and Saka,Positive
3047,                                                                                                                                                                                                                                                                      he laughs like an old rich white man already,Negative
3049,                                                                                                                                                                                                                  can italy score i want this match to be a FIGHT like im not having us win after a goal in 2 mins,Neutral
3050,                                                                                                                                                                                                                                                                    Kane to get Ballon d‚ÄôOr shouts of England win.,Neutral
3051,                                                                                                                                                                                                                                                                    Sterling needs to be booked for cheating. #ITA,Negative
3052,                                                                                                                                                                                                                                                                                        i will k word you @england,Negative
3053,"                                                                                                                                                                                                                                                        Fuck England and the Euros, the GOAT is the real championüêê",Negative
3054,                                                                                                                                                                                                                                                                           Here is the chance for #Italy #EURO2020,Neutral
3055,                                                                                                                                                                                                                                                          THERES ITALY FANS DRESSED AS A PIZZA AND MARIO&amp;LUIGI,Neutral
3056,                                                                                                                                                                                                      Sterling needs to stay in their half. He can‚Äôt tackle and is gonna end up giving away a dangerous free kick.,Neutral
3057,                                                                                                                                                                                                                  Declan Rice‚Ä¶what the hell has he turned into #beastmode #EnglandvsItaly #Euro2020Final #EURO2020,Positive
3058,                                                                                                                                                                                                                                                 Highlight of this #euro2020final would be 20 secs long. #EURO2020,Neutral
3059,                                                                                                                                                                                                                                                                                              Grealish is peng tho,Positive
3060,                                                                                                                                                                                                                                                                                        dont like the immobile sub,Negative
3062,                                                                                                                                                                                                                                                         They are making england tired on purpose‚Ä¶.too relaxed now,Neutral
3063,                                                                                                                                                                                                                            The ref when Sterling is assaulted after his semi final antics https://t.co/nzZek6MRTT,Neutral
3064,                                                                                                                                                                                                                                            Damn bro we really letting England win? Bruh let's go Italy u got this,Neutral
3065,                                                                                                                                                                                                                                                   #EurosInHindi Sterling is a strong contender for best actor. üòùüòù,Negative
3066,                                                                                                                                                                          This crowd at Firkin Pub on Front Street is getting very excited as England is up 1-0 over Italy in the euro cup https://t.co/3dd5Ka0jFP,Neutral
3067,                                                                                                                                                                                   Stealing @_shanimaia tweets bc she's private so I can't RT  Italy‚Äôs half time talk was really ‚Äúinjure Sterling so he has to go‚Äù,Neutral
3068,                                                                                                                                                                                                                                                                                    @AG_inyourface ITALY ITS ITALY,Neutral
3069,                                                                                                                                              England fans force way into Wembley without tickets for Euro 2020 final ‚Å¶@UEFAcom‚Å© you can‚Äôt say you didn‚Äôt know what England fans are like  https://t.co/DplZ3c4pS2,Neutral
3070,                                                                                                                                                                                                               I feel like Italy is about to score and I'm so nervous.  Calm down stomach! https://t.co/XOjMbBkXYi,Neutral
3071,                                                                                                                                                                                                            Right now you can Post ur nudes and no body will notice....coz everyone is busy with England vs Italy.,Neutral
3072,                                                                                @arseblog It's insane to me that he is not playing in this game as of yet. As crazy that @AdamaTrd37 didn't play for Spain. #EURO2020 #ThreeLions #ENG #ITA  #ItaliaInghilterra #InghilterraItalia #ITAENG #ENGITA #EnglandvsItaly,Neutral
3073,"                                                            I get some people are annoyed at the England fans booing but 1. It happens all the time to everyone and 2. It would happen to England too if there was more of the other teams fans it‚Äôs just cause it‚Äôs 54,000 to 6,000 I get it‚Äôs annoying but still",Neutral
3074,                                                                                                                                                                                                                                                                               another england goal would be great,Positive
3075,                                                                                                                                                                                                                                                                      Jesus didnt die for England to win the euros,Negative
3076,                                                                                                                                                                                                                                                                         This match is giving me stress!   #ITAENG,Neutral
3077,                                                                                                                                                                                                                                                                        @GhaffarDawnNews Sir England all the way!!,Positive
3078,                                                                                                                                                                                                                                                          If Italy win I will do my summer hw before the last week,Neutral
3080,                                                                                                                                                                                                              I don‚Äôt follow nearly enough soccer fans. Where are you all and why aren‚Äôt you on my feed? #Euro2020,Neutral
3082,                                                                                                                                                                                                                                                                                         What a save Pickford #ENG,Positive
3083,                                                                                                                                                                                                                                                                 I'm sorry what the fuck is wrong with italy today,Negative
3084,                                                                                                                                                                                                                      i actually hv no interest im footy at all i just hv fomo so therefore all the england tweets,Negative
3085,                                                                                                                                                                                                                                                                                      Or did Italy get that? üßçüèΩ‚Äç‚ôÄÔ∏è,Neutral
3086,                                                                                                                                                                                                                                           Can‚Äôt believe I‚Äôm saying this but Henderson‚Äôs gotta come on for England,Negative
3087,                                                                                                                                                                                                                                                          That Alan Smith commentary after the Chiesa shot #ENGITA,Neutral
3088,                                                                                                                                                                                                                          @tonymc39 Am I alone in thinking Italy have been awful? All too comfortable for England.,Negative
3089,"                                                                                                                                                                        I'm sure if @bglendenning had to pick the way in which England win, it would be 88 minutes of torture for @maxrushden. Only 27 more to go.",Negative
3090,"                                                                                                                                                                                                                                                                 Grealish, sancho, saka or rashford should come on",Neutral
3091,                                                                                                                                                                                                                                                               I love England‚Äôs goalie always pushing forward üëèüëèüëçüèª,Positive
3092,                                                                                                                                                                             It looks like Mario‚Äôs making her feel like a pepperphoni!  #England #EURO2020¬†¬†¬†#Euro2020Final #italy #3Lions https://t.co/K970ItA7Vo,Neutral
3093,                                                                                                                                                                                                        It‚Äôs that famous 65mins they kept going on about.   Now do we make changes ?  #eng #EnglandvsItaly #ENGITA,Neutral
3094,"                                                                                                                                                                                                        @TheRealHoarse Amongst other meanings, many people believe England invented soccer, hence it‚Äôs coming home",Neutral
3095,                                                                                                       This will be such special moment this is for @England after 55 years! It looks like it‚Äôs finally coming home! COME ON ENGLAND!!!!  üè¥Û†ÅßÛ†Å¢Û†Å•Û†ÅÆÛ†ÅßÛ†Åøüè¥Û†ÅßÛ†Å¢Û†Å•Û†ÅÆÛ†ÅßÛ†Åøüè¥Û†ÅßÛ†Å¢Û†Å•Û†ÅÆÛ†ÅßÛ†Åø #ItalianJob #ItalyEngland #EURO2020 #Euro2020Final,Positive
3096,"                                                                                                                                                   since when did y‚Äôall become football fans ‚Ä¶‚Ä¶‚Ä¶‚Ä¶ i feel like i didn‚Äôt use to follow so many football fans, but my entire timeline is the england - italia game ,,",Negative
3097,                                                                                                                                          #BREAKING England fans clash with each other inside Wembley stadium during the Euro's final.  #wembleystadium #ENG #ITA #Euro2020Final #EURO2020 https://t.co/vPmgyXocd9,Neutral
3098,                                                                                                                                                                                                                                                                                            ITALY SCORED FUCK YEAH,Positive
3099,                                                                                                                                                                                                                                                                               Maguire allowed the devil use him üíÄ,Negative
3100,                                                                                                                                                                                                                                                                                          Italy must put one in !!,Positive
3101,                                                                                                                                                                                                                                                                                Football is coming to Rome #ITAENG,Positive
3102,                                                                                                                                                                                             Goooooooolllllll üáÆüáπüáÆüáπüáÆüáπüáÆüáπüáÆüáπüáÆüáπüáÆüáπüáÆüáπ  #ITAING #ITA¬† #Azzurri  #Euro2020¬† #Nazionale #VivoAzzurro https://t.co/EQfDdwG8la,Positive
3103,                                                                                                                                                                                                                                                                                      UP YOUR FUCKING GAME ENGLAND,Negative
3104,"                                                                                                                                                                                                                                                 Mount absolutely weak as piss at the back post, sums his game up.",Negative
3105,                                                                                                                                                                                   So I‚Äôm banded from the living room now as I just went in and asked how the games going and well Italy scored seconds later oops,Neutral
3107,                                                                                                                                                                                                                                                                     team england bc of the beautiful men of color,Positive
3108,"                                                                                                                                                                                                                            Chiesa is a problem for England, they need to control him or they will lose this game.",Neutral
3110,                                                                                                                                                                                                                                                                  england u better win so i don‚Äôt have a grumpy bf,Negative
3111,                                                                                                                                                                                                                                                                     This ref is off his tits. #EURO2020 #ENG #ITA,Negative
3112,"                                                                                                                                                                                                                                                             Rice out, he can't handle Jorginho's length and girth",Negative
3113,                                                                                                                                                                                                                                                                        @nanaqwamejnr Italy dema midfield lit ruff,Neutral
3114,                                                                                                                                                                                           @CMTrades2204 Harry Kane is useless lost 3 balls and everytime in the goal area doesn‚Äôt know what‚Äôs to do with the Ball,Negative
3115,"                                                                                                                                                                                                                                                                                       Mount off, Grealish on NOW!",Negative
3116,                                                                                                                                                                                                                                      That Italy attack came from and England long ball  ‚Äúhoof‚Äù from defence. #ENG,Neutral
3117,                                                                                                                                                                                                                                                                                                     Exactly! How?,Neutral
3118,                                                                                                                                                                                                                             @dwareham26 Maybe Rice is fucked because he is doing Mount and Sterling‚Äôs running too,Negative
3119,                                                                                                                                                                                                                                                         @iam_presider Wtf is Mason Mount doing on the pitch ü§¶üèª‚Äç‚ôÇÔ∏è,Negative
3120,                                                                                                                                                                                                                                                    Oh get a move on England I signed up to William Hill for this.,Negative
3121,                                                                                                                                                                                                                                           I love that Saka gonna get the blame for them not being good enough lol,Negative
3122,"                                                                                                                                                                                                                                                 I swear England don‚Äôt have a coach, that Southgate guy is a mumu.",Negative
3123,                                                                                                                                                                                              Italy has equalised‚Ä¶ cue the #Diving #HarryKane &amp; #RaheemSterling #Euro2020Final #ENGITL https://t.co/YnOkLVUOo3,Neutral
3124,                           Absolute fucking shambles from all involved. Especially the stadium staff and presumably police as well. Let it happen! May they lose this now. AGONISINGLY  England fans force way into Wembley without tickets for Euro 2020 final | Euro 2020 | The Guardian https://t.co/hoMoiOt0MH,Neutral
3125,                                                                                                                                                                                                                             Is there a Power Play going on or can England just not get it back to the other side?,Neutral
3126,                                                                                                                                                                                                                                                     But is England going to just defend even after the equalizer?,Negative
3127,                                                                                                                                                                                                                                                                                 Why is mount still on the pitch üòî,Negative
3128,                                                                                                                                                                                                                                                                                    Verrati really goes after Saka,Neutral
3129,                                                                                                                                                                                                                                                                                            PSG as fuck from Italy,Negative
3130,                                                                                                                                                                                                                                                                    Saka is fucking shit chiesa showing him levels,Negative
3131,                                                                                                                                                                                                                                                           Mason Mount 61% pass accuracy.  https://t.co/uPdm7ipTto,Neutral
3132,                                                                                                                                                                                                                                                                                                 Come on England !,Positive
3133,                                                                                                                                                                                                                             The reason why I want England to win is for the prize money to be donated to the NHS.,Neutral
3134,                                                                                                                                                                                                                                      @LifeAsSheyi him &amp; Sterling need to be created for. Midfield is dreadful,Negative
3135,                                                                                                                                                                                                                           England playing fucking negative football.. come the fuck out and play. #EnglandvsItaly,Negative
3136,                                                                                                                                                                                                     England should try and score cause there‚Äôs zero chance of them winning a penalty shootout against Donnarumma.,Negative
3137,                                                                                                                                                                                                                                                                      This Italy in second half is something else!,Positive
3138,                                                                                                                                                                                                                                                                                 Italy and their gingerbread legs.,Neutral
3140,"                                                                                                                                                                                                                                                        Put on Grealish or Sancho already, Mount has been ghosting",Negative
3141,                                                                                                                                                                                  Bro England is getting absolutely killed lmao. They better be praying this goes to extra time. This should not be tied right now,Negative
3142,                                                                                                                                                                                                                                                             The biggest myth in Football is that saka Is any good,Negative
3143,                                                                                                                                                                                                                                                                                                 Go England soccer,Positive
3145,"                                                                                                                                                                            Chiesa subbed due to injury, some breathing space for The #ThreeLions as long Maguire doesn't think that hes a striker ffs.  #EURO2020",Negative
3146,                                                                                                                                                                                                                                         @GaryLineker @alanshearer @rioferdy5 Come on Italy everyone hates Wngland,Negative
3147,                                                                                                                                                                                                                                          Grealish please! #EnglandvsItaly #Euro2020Final #EURO2020 #ItsComingHome,Neutral
3148,                                                                                                                                                                                                                                                                                      Come on Italy!! #EURO2020 üáÆüáπ,Positive
3149,                                                                                                                                                                                                                                                            Guardian opinion piece: Why it was right England lost.,Neutral
3150,                                                                                                                                                                                                                                                                                                   WE GOTTA FIGHT.,Positive
3151,                                                                                                                                                                                                                                                                           Mount off- Grealish on please #eng #ita,Neutral
3152,"                                                                                                                                                                                                                                                        @SAshworthHayes England players you have legs, stop diving",Negative
3153,"                                                                                                                                                                                                                                                            Chiesa been carrying Italy on his back, well played üëèüèæ",Positive
3154,                                                                                                                                                                                                                           The whole of Europe right now  #EURO2020 #ITAENG #Euro2020Final https://t.co/hvo7R1HIbo,Neutral
3155,                                                                                                                                                                                                                                                                                         ???? what the actual fuck,Negative
3156,                                                                                                                                                                                                                                                                                  what's happening ????? #EURO2020,Neutral
3157,                                                                                                                                                                                                                 Sterling winner in the added time? I will play call me a yardie at FULL BLAST and don‚Äôt gleefully,Neutral
3158,                                                                                                                                                                                                                                                                                       Mount no even dey this game,Negative
3159,                                                                                                                                                                                                                                                                            england to retain possession challenge,Neutral
3160,                                                                                                                                                                                                                                                                I'm at the pool shitposting about Italy vs england,Neutral
3161,                                                                                                                                                                                                                           If Saka scores the winner I will cream myself with Ambrosia for the whole of next week.,Neutral
3162,                                                                                                                                                                                                                                                                        Idm extra time tbh I wanna see Saka more üòÇ,Neutral
3163,                                                                                                                                                                                                                                                          @finexwallsss for safety i hope england but i hope italy,Neutral
3164,                                                                                                                                                                                                                I can‚Äôt decide if my Scottish ancestry should have me routing for England or Italy. #Euro2020Final,Neutral
3165,                                                                                                                                                                                                                                            I have a feeling sterling will get a penalty for England at some point,Neutral
3166,                                                                                                                                                                   Can‚Äôt believe they‚Äôve let some wanker make it onto the pitch. And I certainly don‚Äôt know how he‚Äôs lasted 90 minutes either. Just get Mount off.,Negative
3167,                                                                                                                                                                                                                                                                                   WTF NAURRR ITALY BETTER NOT WIN,Negative
3168,"                                                                                                                                                                                                  Came back from my hiatus, just  to say you've got this Italy. #EURO2020 #EuroFinal  Now I return to the shadows.",Neutral
3169,"                                                                                                                                                                                           Tactically, Gareth Southgate is a coward.   Bring Grealish, Sancho amd Rashford in.  #eng #ita #Euro2020Final #Euro2020",Negative
3170,                                                                                                                                                                                                                                         I cannot believe Goldbridge really said England has more tempo than Italy,Negative
3171,                                                                                                                                                                                                                                                   is roberto sitting in a massage chair in the stands?! ü§£ #ENGITA,Neutral
3172,                                                                                                                                                                                                                                                                                     Saka has not turned up at all,Negative
3174,                                                                                                                                                                                                                               Not even sure what the @England equivalent is. Should I be dressed up as @peppapig?,Neutral
3175,                                                                                                                                                                @SHAQ did you know that one of the most famous soccer players in the world Raheem Shaquille Sterling was named after you?? https://t.co/RocEQST2TA,Neutral
3176,                                                                                                                                                                                                                                                                                         england step up your game,Negative
