timestamp,"tweet_text"
2021-07-11T18:45:01Z,"@SpiritByNature @RoyalFamily @pritipatel @England Why does anyone deserve it?? If you've looked that hard you note that lots of people from different walks of life get it. Why did Mark Allen get one or Peter Boorman or Karen Dobson? Do you disagree with their honors? Normal folk just doing their job??"
2021-07-11T18:45:01Z,"just letting the tl know that i am supporting england tonight and if i say something about italy i donâ€™t mean it i promise"
2021-07-11T18:45:18Z,"In other news bears shit in the woods"
2021-07-11T18:46:07Z,"On so many levels I canâ€™t get behind #EURO2020 But mainly because of this."
2021-07-11T18:47:28Z,"All I'm gonna say is
COME ON ITALY!  #ITA
 #ITAENG https://t.co/E7nZMqftzC"
2021-07-11T18:48:10Z,"I bet @Nigel_Farage thought he'd arrive to a hero's welcome!

https://t.co/vh2khlDrGc"
2021-07-11T18:48:11Z,"Come on, they got no chance"
2021-07-11T18:48:28Z,"Hundreds of thousands of fans go to away games every week. Just shows proper match going fans don't need to behave like this. Match Slags the lot of them #ENGITA"
2021-07-11T18:48:57Z,"This BBC montage is beautiful. Iâ€™m so proud of the boys man. One more round!!! Come on England!!!

#England #ThreeLions #Euro2020Final"
2021-07-11T18:49:06Z,"Come on England!! #ENG"
2021-07-11T18:50:02Z,"@ProdigyDDK @Funkayyyy Why didnâ€™t you bet on Italy then"
2021-07-11T18:50:22Z,"@StephenAppiah predicted win for Denmark ğŸ‡©ğŸ‡° and loss, Today heâ€™s predicted win for @azzurri and going to lose again. @England Win tonight ğŸ´ó §ó ¢ó ¥ó ®ó §ó ¿ 
@JoySportsGH"
2021-07-11T18:50:38Z,"Rooting for Italy today only because I keep remembering how British people say â€œoreganoâ€ and â€œaluminumâ€ and I get irrationally angry all over again"
2021-07-11T18:51:15Z,"Shittting myself. COME ON ENGLAND!!!"
2021-07-11T18:53:35Z,"If England win tonight Iâ€™ll let the kids Iâ€™ve abduct go free...Theyâ€™ll be coming home 

#EURO2020 #eng #EuroFinal #3Lions"
2021-07-11T18:54:36Z,"Has the guy who bought the cup out been hypnotised? #EURO2020"
2021-07-11T18:54:38Z,"England wins ill force myself to watch one episode of the British version of the office and 10 minutes of a Ricky Gervais movie"
2021-07-11T18:56:27Z,"Kinda ready for England to disappoint without Saka or Grealish in the field. If they are think theyâ€™ll bring the big guns in later, Italy is going to score early and sit tight."
2021-07-11T18:57:02Z,"Lovin the boos ğŸ˜‚ #ITAENG"
2021-07-11T18:57:11Z,"Yeah I'm shitting it now! Cmon England! #ItsComingHome ğŸ´ó §ó ¢ó ¥ó ®ó §ó ¿"
2021-07-11T18:57:40Z,"COME ON ENGLAND"
2021-07-11T18:58:00Z,"Come on england! ğŸ´ó §ó ¢ó ¥ó ®ó §ó ¿ #ENG #ThreeLions #ITAENG"
2021-07-11T18:58:11Z,"@davidkwatt My in-laws are English and cvnts, so 100% Italy for me."
2021-07-11T18:58:13Z,"England basically on the biggest stag do ever"
2021-07-11T18:58:35Z,"England fans booing Italyâ€™s national anthem. Is this even necessary?"
2021-07-11T19:00:02Z,"England fans boo'ing again at the opponents national anthem.. disgusting fanbase
Hopefully italy will omegatrash them ğŸ‡®ğŸ‡¹ğŸ‡®ğŸ‡¹ğŸ‡®ğŸ‡¹ğŸ‡®ğŸ‡¹ğŸ‡®ğŸ‡¹"
2021-07-11T19:00:05Z,"Surprised Sterling didn't dive there"
2021-07-11T19:01:13Z,"@TinyFootballCar has a new livery! #Euro2020Final #EURO2020 #ENG #EnglandvsItaly"
2021-07-11T19:01:18Z,"The Englishmen at it again. ğŸ¤¦ğŸ¾â€â™‚ï¸"
2021-07-11T19:02:03Z,"Renovating our kitchen after 15 years. Itâ€™s a disaster and Iâ€™ve been trying for two days to make it serviceable for our fam of six. Acourse pushing the mess aside to make proper tea @PGtips for my boy and me. Time to drop everything for the game! Go England! #FullEnglish ğŸ´ó §ó ¢ó ¥ó ®ó §ó ¿ ğŸ‡ºğŸ‡¸ https://t.co/ZPZECfFggS"
2021-07-11T19:02:05Z,"We're all Italy ğŸ‡®ğŸ‡¹ tonight I guess. #Euro2020"
2021-07-11T19:04:08Z,"YAYYYY ENGLAND SCORED LOUIS WILL BE HAPPY"
2021-07-11T19:05:03Z,"My face when they don't accept my Scottish money in England https://t.co/zg58QlVlnh"
2021-07-11T19:05:10Z,"STOP ROOTING FOR ITALY"
2021-07-11T19:05:29Z,"Are you fucking kidding?!?! Yes England!!!! ğŸ´ó §ó ¢ó ¥ó ®ó §ó ¿âš½ğŸ´ó §ó ¢ó ¥ó ®ó §ó ¿âš½ğŸ¤â¤ï¸ğŸ¤â¤ï¸ #Euro2020Final #England #EnglandvsItaly #ENGITA #ENG #EURO2020 #footballscominghome #ItsComingHome"
2021-07-11T19:05:31Z,"Jose mourinho after look shaw scored #ITAENG https://t.co/PFwsc5uaWB"
2021-07-11T19:05:37Z,"My prediction: 4-3 Italy ğŸ‡®ğŸ‡¹ 
#EURO2020"
2021-07-11T19:06:21Z,"âš½ 2' LUKE SHAWWWWW !!!! L'ANGLETERRE DÃ‰JÃ€ DEVANT ! https://t.co/TB7c5GBU4O #ITAENG https://t.co/rbSHv5Lbwl"
2021-07-11T19:07:01Z,"The description of Luke Shaw just given by the ESPN announcers is so sad, but I can't stop laughing. #EURO2020 #ENG #ThreeLions"
2021-07-11T19:07:03Z,"WHAT RHE FUCK IS ITALY DOING BAHAHAHAH"
2021-07-11T19:07:27Z,"@BleacherReport @brfootball @TUDNUSA If Italy wins, it was a rigged tournament. Every game except against the weakest opponent, England got no home games in the knockouts.

If England wins it COUNTS. Theyâ€™re the ones at a disadvantage"
2021-07-11T19:07:34Z,"really need a pickford or maguire blunder"
2021-07-11T19:08:05Z,"MY FUCKIN LEFT BACK!!! #ENGITA"
2021-07-11T19:08:05Z,"@NickBrightDJ Omfg I canâ€™t believe that start!!!! Weâ€™ve gotta be more smart not giving away set pieces around the area thou!! Cone ON ENGLAND!!!!!!"
2021-07-11T19:09:06Z,"England winning this #ITAENG"
2021-07-11T19:09:18Z,"italy are playing rough wtf"
2021-07-11T19:09:21Z,"tbh i kinda want england to lose just so i can see the utter disappointment on everyone's faces at school

everyone's all upset and complaining while i'm just immune because i couldn't care less about football"
2021-07-11T19:09:29Z,"im rooting for england ğŸ¤·ğŸ¾â€â™€ï¸ #Euro2020Final"
2021-07-11T19:09:58Z,"free sterling from chiellinis arms"
2021-07-11T19:10:02Z,"If England wins i'll become the Joker https://t.co/gtGcTs0OfS"
2021-07-11T19:10:21Z,"rooting for england because tomorrow's monday and i need to sleep"
2021-07-11T19:10:24Z,"the thing ALL europe knows is that england doesnâ€™t deserve the cup, itâ€™s not even because of italy being there right now. itâ€™s undeserved and thatâ€™s it"
2021-07-11T19:11:05Z,"England has been giving it their all since the first minute which scares me because I donâ€™t want their energy to go down later on, and for Italy to take that opportunity."
2021-07-11T19:11:22Z,"Everyone is team Englandâ€¦team Italy fo) wo hen?"
2021-07-11T19:11:28Z,"Wish I tweeted this. Anyway agenda is going global"
2021-07-11T19:12:00Z,"@hothaata @DStv @SuperSportTV I like your commentary baba you also educate us...that's a pure talent...Mara Ke tsamaya le Italy ma yimisani bare Ke itlili...."
2021-07-11T19:14:01Z,"If Italy want any chance at all to win this game they need to stop Englandâ€™s wingbacks from running on them"
2021-07-11T19:14:27Z,"Frello struggling against my man Mount. Love it ğŸ˜¤"
2021-07-11T19:14:30Z,"torn.. Italy is my sweepsteak team #Euro2020Final https://t.co/vERGpwU4oo"
2021-07-11T19:14:36Z,"Can someone tell Italy, this is a final for God sake"
2021-07-11T19:15:24Z,"why is everyone talking about england v italy when it isnâ€™t on until tuesday https://t.co/IRYRu7bgKU"
2021-07-11T19:15:35Z,"@german29470 Same here...i really hope Italy will win!"
2021-07-11T19:15:39Z,"@Edit_Kev Immobile not getting much change atm. Long may it continue!"
2021-07-11T19:16:01Z,"#ENGITA 

Luke Shaw 1 - Jose Mourinho 0"
2021-07-11T19:16:14Z,"@HinacchiT It will be a noticeable difference if Italy doesn't win â€“ their fans won't do another multiple hours long motorcade constantly honking. It was really loud and annoying in my area recently, so I actually care a little bit ğŸ˜†"
2021-07-11T19:16:18Z,"England, TTUN, and Liverpool fans go on a daily basis of whoâ€™s worse"
2021-07-11T19:16:22Z,"england will win ğŸ´ó §ó ¢ó ¥ó ®ó §ó ¿ğŸ’‚ğŸ»â€â™‚ï¸#prediction"
2021-07-11T19:16:23Z,"if italy wins im gonna eat pasta everyday for the rest of my life COME ON"
2021-07-11T19:17:23Z,"This Is The Main Reason I Said England Will Win ! Thank You ğŸ‘"
2021-07-11T19:17:36Z,"Kane is the best striker in the world without a doubt. Every time I watch him play, I am more convinced that no other striker has the abilities that he possesses. #ENG"
2021-07-11T19:17:40Z,"@technerd_brads Come on Italy  ğŸ‡®ğŸ‡¹"
2021-07-11T19:18:33Z,"Just enjoy the Shaw.
#EURO2020 #ENGITA"
2021-07-11T19:20:35Z,"It's coming home

FING-SQUIRT fÃ¼r England!"
2021-07-11T19:21:31Z,"The Shaw must go on !
#ENGITA"
2021-07-11T19:21:34Z,"if england lose i wonâ€™t be sexy anymore"
2021-07-11T19:22:01Z,"Oh man that doesnâ€™t look good for Jorginho"
2021-07-11T19:22:56Z,"please italy besties can you score"
2021-07-11T19:24:02Z,"@nobody_stop_me Lol you would route for England"
2021-07-11T19:24:23Z,"Fuck me Tom cruise gets about. First Wimbledon men's final and now euro's final! Is the church on a fund raising drive? #ITAENG"
2021-07-11T19:24:36Z,"@KopBlock205 Seems heâ€™s also a keen England fan as well!"
2021-07-11T19:25:13Z,"Prince George was all of us when England scored that goal in 2 minutes! ğŸ´ó §ó ¢ó ¥ó ®ó §ó ¿ğŸ¦

#ENGITA #Euro2020Final https://t.co/jKbmED9DfK"
2021-07-11T19:26:29Z,"That sterling is a greedy ğŸ–, if just releases it to team mate they could create really good chances.. He tries to run through them all. ğŸ™„ #England #ENG"
2021-07-11T19:26:38Z,"Imagine 2 years ago or any amount of years in my lifetime if anyone would have claimed England would have been in the final of any tournament anywhere. ğŸ˜‚"
2021-07-11T19:27:02Z,"If England win thereâ€™s going to be almost as much carnage on the streets of London as if they lose.

#euro2020final"
2021-07-11T19:27:14Z,"Were Jorginho and David Palmer separated at birth.
Before the better player dyed his hair of course"
2021-07-11T19:27:24Z,"Immobile sucking ass rn"
2021-07-11T19:27:33Z,"tom cruise getting inspo for the next mission impossible... england actually doing well at football"
2021-07-11T19:28:26Z,"If England win, Iâ€™ll be happy for Harry Kane and no one else. #Euro2020Final #EURO2020"
2021-07-11T19:28:56Z,"COME ON ENGLAND!!! ğŸ´ó §ó ¢ó ¥ó ®ó §ó ¿ğŸ´ó §ó ¢ó ¥ó ®ó §ó ¿ğŸ´ó §ó ¢ó ¥ó ®ó §ó ¿"
2021-07-11T19:29:11Z,"the england manager is hotter so i might support them"
2021-07-11T19:29:25Z,"@JoySportsGH 1goal
England 1 Italy 0"
2021-07-11T19:29:37Z,"But PLEASE can shitty English fans stop booing every time Italy gets possession?"
2021-07-11T19:29:58Z,"football doesnâ€™t revolve around louis ?"
2021-07-11T19:30:14Z,"@whydontwemusic I missed the england goal for this and honestly  it was kinda worth itğŸ˜­"
2021-07-11T19:30:21Z,"@Curious11100195 Italy with A bit of luck ğŸ˜‚ğŸ˜‚"
2021-07-11T19:30:33Z,"@Pierrelow_ @England GÃ©nÃ©ralisÃ© un peuple a des footix, bon."
2021-07-11T19:31:13Z,"England goes 1-0 up against Italy inside 2 minutes.
Every non English fan be like:"
2021-07-11T19:31:34Z,"why are people booing when Italy gets the ball jesus christ"
2021-07-11T19:31:56Z,"No, theyâ€™re clearly trashing the streets of the â€œmetropolitan eliteâ€. Time for city states, free of England."
2021-07-11T19:31:58Z,"Alors Fish and chips va gagner cette coupe ğŸ˜‚ğŸ˜‚ğŸ˜‚ #ITAENG"
2021-07-11T19:32:08Z,"Itâ€™s not my lawn but how fantastic is this grass! #LawnGoals #Eng #England

Credit S. Graham UK Lawn Care Group https://t.co/W8v6NcTpmH"
2021-07-11T19:32:09Z,"COME ON ENGLAND!!!! https://t.co/AWjA45oRIp"
2021-07-11T19:33:10Z,"@Louis_Tomlinson yâ€™all still want england to win? p"
2021-07-11T19:33:10Z,"Just why is this happening? It's pathetic. If you recognise anyone in this crowd of thugs, I suggest you let their employer know how they behave after a couple of shandies. Disgraceful thuggery."
2021-07-11T19:33:22Z,"Fucking @TomCruise is on our side we cannot lose.ğŸ´ó §ó ¢ó ¥ó ®ó §ó ¿â¤
C'MON ENGLAND
#ItsComingHome
#euro2021final"
2021-07-11T19:33:27Z,"If Italy donâ€™t win ğŸ˜¾"
2021-07-11T19:33:38Z,"People crying because the match is being held in England where it was decided in 2012. https://t.co/TzPWElkstx"
2021-07-11T19:34:00Z,"update me pls is Italy scores or sumn"
2021-07-11T19:34:35Z,"Those Southgate coats are going to be sold out tomorrow arenâ€™t they? #ENGITA"
2021-07-11T19:37:09Z,"Still canâ€™t believe England scored first ğŸ´ó §ó ¢ó ¥ó ®ó §ó ¿ğŸ´ó §ó ¢ó ¥ó ®ó §ó ¿"
2021-07-11T19:37:25Z,"@Abdiysl20 Italy got thisğŸ¥±"
2021-07-11T19:37:39Z,"That Emerson for Italy looks like Massimo from the Wedding Planner. Only @stabiloFFC will have any idea what I'm going on about."
2021-07-11T19:38:09Z,"I honestly couldn't care less about who wins tonight. I used to be patriotic but after seeing both the UK and Italy, another country I've visited and loved  freely support the implementation of communism in their countries. I'm no longer patriotic and couldn't give a shit."
2021-07-11T19:38:20Z,"@WayOfAce If olmo did score early or that cunt Oyarzabal , Italy would look worst than them look now"
2021-07-11T19:39:09Z,"Harry Kane. PULL YOURSELF TOGETHER"
2021-07-11T19:39:12Z,"Rock you like a Luke Shaw - sounds way less catchy than Rock you like a Harry Kane.
But no complaints from me #GoEngland ğŸ‡¬ğŸ‡¬"
2021-07-11T19:39:18Z,"Immobile be foolish player"
2021-07-11T19:39:20Z,"@UTDTrey This mount stinker ğŸ¤£ğŸ¤£"
2021-07-11T19:39:30Z,"Pengland ğŸ´ó §ó ¢ó ¥ó ®ó §ó ¿  road to micky mouse final:

-Retirement home Croatia ğŸ‡­ğŸ‡· 
-Scottish Pub fighters ğŸ´ó §ó ¢ó ³ó £ó ´ó ¿ 
-Patrik Â« no help Â» Schick ğŸ‡¨ğŸ‡¿ 
-Lucky win against Germany ğŸ‡©ğŸ‡ª 
-Ukraine farmers ğŸ‡ºğŸ‡¦ 
-Robbed Denmark ğŸ‡©ğŸ‡° 
England is  still in the group stage and this run doesn't count in my bookâŒ"
2021-07-11T19:41:01Z,"Harry Kane getting handled and ref seeing through his BS? I love it."
2021-07-11T19:41:05Z,"Soccer is a lot like lesbian period films: not a lot of scoring, tons of emotion. #EURO2020"
2021-07-11T19:41:08Z,"Instead of booing the Italians stsrt shouting for England you lot lucky enough to be there #ENGITA"
2021-07-11T19:42:06Z,"Hook Mount at HT"
2021-07-11T19:42:09Z,"No why iz england winning this wasnâ€™t meant to happen"
2021-07-11T19:42:57Z,"fuck you male football fans, literally any other group of people does this, the feds would beat us all into the afterlife"
2021-07-11T19:43:00Z,"@Lexie_Mariex 1-0 England and now this.  today is the day of dubs"
2021-07-11T19:43:12Z,"@ZeroCool138 Ummm , England ? I'm watching in the Spanish channel for the 1st time in a while. Had to pick my poison."
2021-07-11T19:43:29Z,"italy have been the best team in the tournament until they go and play england what is their luck"
2021-07-11T19:44:12Z,"Surely Sterling knows the Olympics Diving team has already been selected ğŸ¤£ğŸ¤£ğŸ¤£"
2021-07-11T19:44:25Z,"@England Dw, it's coming home https://t.co/yEX1pjWz97"
2021-07-11T19:44:30Z,"Get up you ponce Sterling #EURO2020"
2021-07-11T19:44:39Z,"Sterling itâ€™s easier to score if you stay on your feet pal"
2021-07-11T19:45:18Z,"Sterling said MOVE FROM MEğŸ˜­ğŸ˜‚"
2021-07-11T19:45:40Z,"Wonder if Italy realizes that England are happy to just sit back on a 1-0 lead and keep Italy out of the box. #ITAENG #EURO2020"
2021-07-11T19:46:35Z,"I feel for something nice. 

Like England winning"
2021-07-11T19:46:36Z,"Ahh the England fans, a lovely bunch!"
2021-07-11T19:46:56Z,"@_aarava Iâ€™m not Shaw Iâ€™ll be able to. Heâ€™s gonna worth some serious Sterling after this Iâ€™m not gonna lie. As long as none of the Italians Trippier up in the box trying to win penalties I think weâ€™ll be fine"
2021-07-11T19:47:02Z,"What a block! Stones na baller"
2021-07-11T19:47:08Z,"This England squad is full of stupid haircuts"
2021-07-11T19:48:05Z,"Mount whenever he gets the ball https://t.co/O02p5bu6zr"
2021-07-11T19:48:06Z,"Seems like Italy is warming up now and getting into the game more #ENGITA #Euro2020Final #EURO2020"
2021-07-11T19:48:11Z,"#EURO2020 

â±ï¸ 45'+1 - #Immobile's first-time attempt is blocked by Stones, while Pickford then comfortably collects #Verratti's follow-up... 

#ITAENG 0ï¸âƒ£-1âƒ£

#ITA #Azzurri #VivoAzzurro"
2021-07-11T19:48:31Z,"Sterling said don't touch meeeee"
2021-07-11T19:48:38Z,"England had no responsibility to make the rest of this game entertaining. I would love it, but a W is a W."
2021-07-11T19:49:05Z,"Fuck halftime. Just keep playing #itaeng"
2021-07-11T19:49:18Z,"My dad nd i were talking abt who is going to win nd it got a lil heated so now my macbook pro is at stake if italy doesnot win . ğŸ˜­ğŸ¤·ğŸ»â€â™€ï¸ğŸ˜­ğŸ˜­ğŸ˜­ğŸ˜­ğŸ˜­ğŸ˜­ğŸ¤ ğŸ¤ ğŸ˜­ğŸ˜­ğŸ¤ ğŸ˜­ğŸ¤ ğŸ¤ "
2021-07-11T19:49:19Z,"pls g0d donâ€™t let fucking england win i cant have that happen bruh i just canâ€™t"
2021-07-11T19:50:15Z,"The only way Iâ€™m accepting England winning this Finals is if Saka comes off the bench scores/assist other than that  ENGLAND NOTHING"
2021-07-11T19:51:03Z,"italy better give me good shit after this"
2021-07-11T19:51:04Z,"Canâ€™t cap Italy have been underwhelming."
2021-07-11T19:51:08Z,"Wanna say Shaw got lucky but heâ€™s a decent player.

#ITAENG"
2021-07-11T19:51:24Z,"@WiddasTy any thoughts of what's gonna happen in the 2nd half? I think England is gonna get a goal at the start again."
2021-07-11T19:51:58Z,"After an exciting start that was, for the neutral, pish. I hoped for a better reaction from Italy but England have them in their pocket. Still, itâ€™s a game of two halves and all that."
2021-07-11T19:52:10Z,"immobile living up to his name"
2021-07-11T19:52:26Z,"@footballitalia Not like Italy wouldâ€™ve parked if they scored first. Garbage."
2021-07-11T19:53:08Z,"@arielhelwani donâ€™t cheer them on Ariel , this is happening all over their country. They deserve nothing"
2021-07-11T19:53:24Z,"Wow. No matter the final score tonight, what a team! ğŸ´ó §ó ¢ó ¥ó ®ó §ó ¿â¤ï¸ğŸ´ó §ó ¢ó ¥ó ®ó §ó ¿ 

We love you England."
2021-07-11T19:56:02Z,"The mafia have threatened Italy these man not coming home without a win"
2021-07-11T19:56:08Z,"England is the reason for my downfalls"
2021-07-11T19:56:18Z,"Extra ordinary first half from the #ENG side &amp; no real gameplay reactions from #ITA yet but we need a second âš½ to secure the final along with our front foot defense!! Let's go
#ENGITA #EURO2020"
2021-07-11T19:56:34Z,"@urswitchbitch To me Italy looks like they dont rlly know what to do with Englands new playstyle. But maybe they turn it up in the second half!"
2021-07-11T19:56:59Z,"Y'all not rockin' with 2 condoms and PESâ‰ï¸"
2021-07-11T19:57:03Z,"Alright, hoping Italy comes back from halftime with renewed strength"
2021-07-11T19:57:25Z,"STOP BOOING THE ITALIAN TEAM!!!!! ğŸ˜¡ #ITA #ENG #EURO2020"
2021-07-11T19:57:32Z,"While Canada, America, EU, UK, and NATO war criminals 
claim #COVID19 is a pandemic, they deny #coronavirus   #vaccines for Cuba, Venezuela, Syria, Iran, North Korea #COVID19 #vaccines #instagram https://t.co/PHGpF82ZV0 #EnglandvsItaly #Wembley #GOAT #sundayvibes #EURO2020 https://t.co/q4g4GHOsuV"
2021-07-11T19:57:36Z,"I wonder how many people missed Englandâ€™s goal while queuing for drinks in the pub?"
2021-07-11T19:57:56Z,"maybe u should sit down then amira"
2021-07-11T19:58:03Z,"That Beckham-Cruise fist bump is the best highlight of the game so far #EURO2020"
2021-07-11T19:58:59Z,"@EddieOliech It's actually noticeable that Kane has matured in his game since Mou times and drops back to pick that role and a defensive one sometimes. Top lad that one"
2021-07-11T19:59:05Z,"@JohnCassidy Italy, who had more overtime matches than England, is noticeably tired. Shame theyâ€˜re not fit."
2021-07-11T19:59:36Z,"@KingofKens If England win the Euroâ€™s tonight nobody will in England will care"
2021-07-11T20:00:05Z,"@straygoat @EdCallowWrites @CleanNorfolkLtd @charlescommins Yep, agreed. Even Mount has done some good work positionally. 

Playing wing backs has proven a brilliant tactical decision."
2021-07-11T20:01:38Z,"Massive 45 minutes coming up for England ğŸ´ó §ó ¢ó ¥ó ®ó §ó ¿"
2021-07-11T20:02:00Z,"Every single time heâ€™s started."
2021-07-11T20:02:01Z,"Come on @England 45ish minutes left you can do this lads, we all believe in you ğŸ¦ğŸ¦ğŸ¦ğŸ´ó §ó ¢ó ¥ó ®ó §ó ¿"
2021-07-11T20:02:33Z,"@timrodad @pseudointellecc @sai_dadddy ppl thinking greenwood would make the squad funnier than rashford and sancho not even being second choice behind saka thru most of the euros lol https://t.co/G7CG8E2733"
2021-07-11T20:02:37Z,"To me they are doing very well, they have Mount for creation"
2021-07-11T20:03:10Z,"Half time and its 0-1 to England ğŸ´ó §ó ¢ó ¥ó ®ó §ó ¿ 

@England come on lads we have another 45 minutes!! 

#UefaEuro2020 #UEFAEuro2020Final #footballscominghome #ITAENG #eng https://t.co/wXOdbuyZtF"
2021-07-11T20:03:33Z,"@needyremss im from england but support italy ğŸ‡®ğŸ‡¹"
2021-07-11T20:04:12Z,"Yes yes andrea pirlo cheer for ğŸ´ó §ó ¢ó ¥ó ®ó §ó ¿
ğŸ¤£ğŸ’ªğŸ»
#engÂ  #ENGITA #FinalEuro2020 #Euro2020Final #EURO2020Â  #Euro2021 #ItsComingHome ğŸ’ªğŸ»
@England @EURO2020 
#3Lions #ThreeLions https://t.co/4VYusQ8u8K"
2021-07-11T20:04:13Z,"We know. Weâ€™re here for Raheem Sterling too!"
2021-07-11T20:04:33Z,"ğŸ”´LIVE  ITALY VS ENGLAND ( 0 - 1 ) - EURO 2020 FINAL https://t.co/Ov96RvEy35 via @YouTube"
2021-07-11T20:04:57Z,"Lets go England 45 minutes from champion you have this"
2021-07-11T20:05:03Z,"gol de insigne dale https://t.co/AWIFRK14FZ"
2021-07-11T20:05:05Z,"Gareth Southgate and this England Team do a Professional Job - its like #MambaMentality but #JobNotDone lets Go Bring this Home Now #ItalyEngland #ENG #ThreeLions #Euro2020Final #EURO2020 #ItsComingHome"
2021-07-11T20:06:00Z,"@005e5n @skldnxo Come on England ğŸ´ó §ó ¢ó ¥ó ®ó §ó ¿ğŸ´ó §ó ¢ó ¥ó ®ó §ó ¿ğŸ´ó §ó ¢ó ¥ó ®ó §ó ¿ğŸ»ğŸ»ğŸ»ğŸ’€"
2021-07-11T20:06:21Z,"England are a absolutely fantastic football team and itâ€™s not their fault that they have the worst fans in the world. #ENG"
2021-07-11T20:06:25Z,"Mount is talented mahn. He is way above Foden and Saka"
2021-07-11T20:06:29Z,"he laughs like an old rich white man already"
2021-07-11T20:07:07Z,"@helcatwill @torysleazeUK What a mess. Brings shame and embarrassment on all of the nations. And Boris says we are united! WTF! With episodes like this it really brings home, the 3 countries donâ€™t need England! We are all better off without them!"
2021-07-11T20:07:25Z,"can italy score i want this match to be a FIGHT like im not having us win after a goal in 2 mins"
2021-07-11T20:08:18Z,"Kane to get Ballon dâ€™Or shouts of England win."
2021-07-11T20:09:14Z,"Sterling needs to be booked for cheating. #ITA"
2021-07-11T20:10:33Z,"i will k word you @england"
2021-07-11T20:10:36Z,"Fuck England and the Euros, the GOAT is the real championğŸ"
2021-07-11T20:11:03Z,"Here is the chance for #Italy #EURO2020"
2021-07-11T20:13:58Z,"THERES ITALY FANS DRESSED AS A PIZZA AND MARIO&amp;LUIGI"
2021-07-11T20:14:36Z,"Sterling needs to stay in their half. He canâ€™t tackle and is gonna end up giving away a dangerous free kick."
2021-07-11T20:14:57Z,"Declan Riceâ€¦what the hell has he turned into #beastmode #EnglandvsItaly #Euro2020Final #EURO2020"
2021-07-11T20:15:20Z,"Highlight of this #euro2020final would be 20 secs long. #EURO2020"
2021-07-11T20:16:03Z,"Grealish is peng tho"
2021-07-11T20:16:04Z,"dont like the immobile sub"
2021-07-11T20:16:05Z,"Sterling: https://t.co/oW0Ce8bJw0"
2021-07-11T20:16:11Z,"They are making england tired on purposeâ€¦.too relaxed now"
2021-07-11T20:16:31Z,"The ref when Sterling is assaulted after his semi final antics https://t.co/nzZek6MRTT"
2021-07-11T20:17:06Z,"Damn bro we really letting England win? Bruh let's go Italy u got this"
2021-07-11T20:17:28Z,"#EurosInHindi Sterling is a strong contender for best actor. ğŸ˜ğŸ˜"
2021-07-11T20:17:38Z,"This crowd at Firkin Pub on Front Street is getting very excited as England is up 1-0 over Italy in the euro cup https://t.co/3dd5Ka0jFP"
2021-07-11T20:18:57Z,"Stealing @_shanimaia tweets bc she's private so I can't RT

Italyâ€™s half time talk was really â€œinjure Sterling so he has to goâ€"
2021-07-11T20:19:00Z,"@AG_inyourface ITALY ITS ITALY"
2021-07-11T20:19:02Z,"England fans force way into Wembley without tickets for Euro 2020 final â¦@UEFAcomâ© you canâ€™t say you didnâ€™t know what England fans are like  https://t.co/DplZ3c4pS2"
2021-07-11T20:19:08Z,"I feel like Italy is about to score and I'm so nervous.

Calm down stomach! https://t.co/XOjMbBkXYi"
2021-07-11T20:19:14Z,"Right now you can Post ur nudes and no body will notice....coz everyone is busy with England vs Italy."
2021-07-11T20:19:37Z,"@arseblog It's insane to me that he is not playing in this game as of yet. As crazy that @AdamaTrd37 didn't play for Spain. #EURO2020 #ThreeLions #ENG #ITA  #ItaliaInghilterra #InghilterraItalia #ITAENG #ENGITA #EnglandvsItaly"
2021-07-11T20:19:59Z,"I get some people are annoyed at the England fans booing but 1. It happens all the time to everyone and 2. It would happen to England too if there was more of the other teams fans itâ€™s just cause itâ€™s 54,000 to 6,000 I get itâ€™s annoying but still"
2021-07-11T20:21:14Z,"another england goal would be great"
2021-07-11T20:21:34Z,"Jesus didnt die for England to win the euros"
2021-07-11T20:22:20Z,"This match is giving me stress!   #ITAENG"
2021-07-11T20:22:57Z,"@GhaffarDawnNews Sir England all the way!!"
2021-07-11T20:23:04Z,"If Italy win I will do my summer hw before the last week"
2021-07-11T20:23:16Z,"PICKFORD ğŸ”¥ğŸ”¥"
2021-07-11T20:23:18Z,"I donâ€™t follow nearly enough soccer fans. Where are you all and why arenâ€™t you on my feed? #Euro2020"
2021-07-11T20:23:19Z,"Pickford ğŸ‘ğŸ‘ğŸ‘ğŸ‘"
2021-07-11T20:23:26Z,"What a save Pickford #ENG"
2021-07-11T20:23:28Z,"I'm sorry what the fuck is wrong with italy today"
2021-07-11T20:23:32Z,"i actually hv no interest im footy at all i just hv fomo so therefore all the england tweets"
2021-07-11T20:23:39Z,"Or did Italy get that? ğŸ§ğŸ½â€â™€ï¸"
2021-07-11T20:24:15Z,"Canâ€™t believe Iâ€™m saying this but Hendersonâ€™s gotta come on for England"
2021-07-11T20:24:20Z,"That Alan Smith commentary after the Chiesa shot #ENGITA"
2021-07-11T20:24:26Z,"@tonymc39 Am I alone in thinking Italy have been awful? All too comfortable for England."
2021-07-11T20:24:32Z,"I'm sure if @bglendenning had to pick the way in which England win, it would be 88 minutes of torture for @maxrushden. Only 27 more to go."
2021-07-11T20:25:15Z,"Grealish, sancho, saka or rashford should come on"
2021-07-11T20:25:16Z,"I love Englandâ€™s goalie always pushing forward ğŸ‘ğŸ‘ğŸ‘ğŸ»"
2021-07-11T20:25:24Z,"It looks like Marioâ€™s making her feel like a pepperphoni! 
#England #EURO2020Â Â Â #Euro2020Final #italy #3Lions https://t.co/K970ItA7Vo"
2021-07-11T20:25:34Z,"Itâ€™s that famous 65mins they kept going on about.   Now do we make changes ?  #eng #EnglandvsItaly #ENGITA"
2021-07-11T20:25:56Z,"@TheRealHoarse Amongst other meanings, many people believe England invented soccer, hence itâ€™s coming home"
2021-07-11T20:26:11Z,"This will be such special moment this is for @England after 55 years! It looks like itâ€™s finally coming home! COME ON ENGLAND!!!!  ğŸ´ó §ó ¢ó ¥ó ®ó §ó ¿ğŸ´ó §ó ¢ó ¥ó ®ó §ó ¿ğŸ´ó §ó ¢ó ¥ó ®ó §ó ¿ #ItalianJob #ItalyEngland #EURO2020 #Euro2020Final"
2021-07-11T20:26:34Z,"since when did yâ€™all become football fans â€¦â€¦â€¦â€¦ i feel like i didnâ€™t use to follow so many football fans, but my entire timeline is the england - italia game ,,"
2021-07-11T20:26:35Z,"#BREAKING England fans clash with each other inside Wembley stadium during the Euro's final.

#wembleystadium #ENG #ITA #Euro2020Final #EURO2020 https://t.co/vPmgyXocd9"
2021-07-11T20:27:06Z,"ITALY SCORED FUCK YEAH"
2021-07-11T20:27:16Z,"Maguire allowed the devil use him ğŸ’€"
2021-07-11T20:27:23Z,"Italy must put one in !!"
2021-07-11T20:28:19Z,"Football is coming to Rome #ITAENG"
2021-07-11T20:28:37Z,"Goooooooolllllll ğŸ‡®ğŸ‡¹ğŸ‡®ğŸ‡¹ğŸ‡®ğŸ‡¹ğŸ‡®ğŸ‡¹ğŸ‡®ğŸ‡¹ğŸ‡®ğŸ‡¹ğŸ‡®ğŸ‡¹ğŸ‡®ğŸ‡¹

#ITAING #ITAÂ  #Azzurri  #Euro2020Â  #Nazionale #VivoAzzurro https://t.co/EQfDdwG8la"
2021-07-11T20:29:04Z,"UP YOUR FUCKING GAME ENGLAND"
2021-07-11T20:29:39Z,"Mount absolutely weak as piss at the back post, sums his game up."
2021-07-11T20:30:00Z,"So Iâ€™m banded from the living room now as I just went in and asked how the games going and well Italy scored seconds later oops"
2021-07-11T20:31:18Z,"What a goal! Bonnuci membuat skor imbang 1-1 dimenit 87!!! Game on. ğŸ”¥ 

#fmdfootball #euro2020 https://t.co/9NcMu4ObV4"
2021-07-11T20:31:23Z,"team england bc of the beautiful men of color"
2021-07-11T20:31:28Z,"Chiesa is a problem for England, they need to control him or they will lose this game."
2021-07-11T20:32:32Z,"@4HIRAl notice how u didnâ€™t deny it ? iâ€™m italy (REAL)"
2021-07-11T20:32:57Z,"england u better win so i donâ€™t have a grumpy bf"
2021-07-11T20:33:20Z,"This ref is off his tits. #EURO2020 #ENG #ITA"
2021-07-11T20:34:20Z,"Rice out, he can't handle Jorginho's length and girth"
2021-07-11T20:34:33Z,"@nanaqwamejnr Italy dema midfield lit ruff"
2021-07-11T20:34:56Z,"@CMTrades2204 Harry Kane is useless lost 3 balls and everytime in the goal area doesnâ€™t know whatâ€™s to do with the Ball"
2021-07-11T20:34:56Z,"Mount off, Grealish on NOW!"
2021-07-11T20:35:08Z,"That Italy attack came from and England long ball  â€œhoofâ€ from defence. #ENG"
2021-07-11T20:35:27Z,"Exactly! How?"
2021-07-11T20:36:15Z,"@dwareham26 Maybe Rice is fucked because he is doing Mount and Sterlingâ€™s running too"
2021-07-11T20:36:16Z,"@iam_presider Wtf is Mason Mount doing on the pitch ğŸ¤¦ğŸ»â€â™‚ï¸"
2021-07-11T20:37:10Z,"Oh get a move on England I signed up to William Hill for this."
2021-07-11T20:37:13Z,"I love that Saka gonna get the blame for them not being good enough lol"
2021-07-11T20:37:13Z,"I swear England donâ€™t have a coach, that Southgate guy is a mumu."
2021-07-11T20:37:16Z,"Italy has equalisedâ€¦ cue the #Diving #HarryKane &amp; #RaheemSterling #Euro2020Final #ENGITL https://t.co/YnOkLVUOo3"
2021-07-11T20:37:19Z,"Absolute fucking shambles from all involved. Especially the stadium staff and presumably police as well. Let it happen! May they lose this now. AGONISINGLY

England fans force way into Wembley without tickets for Euro 2020 final | Euro 2020 | The Guardian https://t.co/hoMoiOt0MH"
2021-07-11T20:37:37Z,"Is there a Power Play going on or can England just not get it back to the other side?"
2021-07-11T20:38:06Z,"But is England going to just defend even after the equalizer?"
2021-07-11T20:39:15Z,"Why is mount still on the pitch ğŸ˜”"
2021-07-11T20:40:00Z,"Verrati really goes after Saka"
2021-07-11T20:40:09Z,"PSG as fuck from Italy"
2021-07-11T20:40:15Z,"Saka is fucking shit chiesa showing him levels"
2021-07-11T20:40:27Z,"Mason Mount 61% pass accuracy.  https://t.co/uPdm7ipTto"
2021-07-11T20:40:38Z,"Come on England !"
2021-07-11T20:41:08Z,"The reason why I want England to win is for the prize money to be donated to the NHS."
2021-07-11T20:41:09Z,"@LifeAsSheyi him &amp; Sterling need to be created for. Midfield is dreadful"
2021-07-11T20:41:18Z,"England playing fucking negative football.. come the fuck out and play. #EnglandvsItaly"
2021-07-11T20:41:26Z,"England should try and score cause thereâ€™s zero chance of them winning a penalty shootout against Donnarumma."
2021-07-11T20:41:57Z,"This Italy in second half is something else!"
2021-07-11T20:42:05Z,"Italy and their gingerbread legs."
2021-07-11T20:42:16Z,"Incredible photo!"
2021-07-11T20:43:03Z,"Put on Grealish or Sancho already, Mount has been ghosting"
2021-07-11T20:43:24Z,"Bro England is getting absolutely killed lmao. They better be praying this goes to extra time. This should not be tied right now"
2021-07-11T20:43:26Z,"The biggest myth in Football is that saka Is any good"
2021-07-11T20:43:34Z,"Go England soccer"
2021-07-11T20:44:10Z,"@ISamcyn Na werey comot Rice wen the wrong mount dey field"
2021-07-11T20:44:17Z,"Chiesa subbed due to injury, some breathing space for The #ThreeLions as long Maguire doesn't think that hes a striker ffs.

#EURO2020"
2021-07-11T20:44:21Z,"@GaryLineker @alanshearer @rioferdy5 Come on Italy everyone hates Wngland"
2021-07-11T20:44:27Z,"Grealish please! #EnglandvsItaly #Euro2020Final #EURO2020 #ItsComingHome"
2021-07-11T20:45:20Z,"Come on Italy!! #EURO2020 ğŸ‡®ğŸ‡¹"
2021-07-11T20:46:16Z,"Guardian opinion piece: Why it was right England lost."
2021-07-11T20:46:17Z,"WE GOTTA FIGHT."
2021-07-11T20:46:17Z,"Mount off- Grealish on please #eng #ita"
2021-07-11T20:46:20Z,"@SAshworthHayes England players you have legs, stop diving"
2021-07-11T20:46:32Z,"Chiesa been carrying Italy on his back, well played ğŸ‘ğŸ¾"
2021-07-11T20:47:12Z,"The whole of Europe right now 
#EURO2020 #ITAENG #Euro2020Final https://t.co/hvo7R1HIbo"
2021-07-11T20:47:24Z,"???? what the actual fuck"
2021-07-11T20:48:08Z,"what's happening ????? #EURO2020"
2021-07-11T20:48:22Z,"Sterling winner in the added time? I will play call me a yardie at FULL BLAST and donâ€™t gleefully"
2021-07-11T20:48:26Z,"Mount no even dey this game"
2021-07-11T20:49:14Z,"england to retain possession challenge"
2021-07-11T20:49:21Z,"I'm at the pool shitposting about Italy vs england"
2021-07-11T20:49:23Z,"If Saka scores the winner I will cream myself with Ambrosia for the whole of next week."
2021-07-11T20:49:59Z,"Idm extra time tbh I wanna see Saka more ğŸ˜‚"
2021-07-11T20:50:17Z,"@finexwallsss for safety i hope england but i hope italy"
2021-07-11T20:50:25Z,"I canâ€™t decide if my Scottish ancestry should have me routing for England or Italy. #Euro2020Final"
2021-07-11T20:51:00Z,"I have a feeling sterling will get a penalty for England at some point"
2021-07-11T20:51:26Z,"Canâ€™t believe theyâ€™ve let some wanker make it onto the pitch. And I certainly donâ€™t know how heâ€™s lasted 90 minutes either. Just get Mount off."
2021-07-11T20:51:32Z,"WTF NAURRR ITALY BETTER NOT WIN"
2021-07-11T20:51:35Z,"Came back from my hiatus, just 
to say you've got this Italy. #EURO2020 #EuroFinal

Now I return to the shadows."
2021-07-11T20:51:36Z,"Tactically, Gareth Southgate is a coward. 

Bring Grealish, Sancho amd Rashford in.

#eng #ita #Euro2020Final #Euro2020"
2021-07-11T20:51:39Z,"I cannot believe Goldbridge really said England has more tempo than Italy"
2021-07-11T20:52:32Z,"is roberto sitting in a massage chair in the stands?! ğŸ¤£ #ENGITA"
2021-07-11T20:53:15Z,"Saka has not turned up at all"
2021-07-11T20:53:16Z,"Come England decide if unuh have di energy or unuh waan dweet now +6"
2021-07-11T20:53:26Z,"Not even sure what the @England equivalent is. Should I be dressed up as @peppapig?"
2021-07-11T20:53:29Z,"@SHAQ did you know that one of the most famous soccer players in the world Raheem Shaquille Sterling was named after you?? https://t.co/RocEQST2TA"
2021-07-11T20:54:10Z,"england step up your game"
2021-07-11T20:55:31Z,"COME ON ITALY PLSSS"
2021-07-11T20:55:31Z,"England now hoping for extra time, but Iâ€™m not sure Italy will relish another 30 mins."
2021-07-11T20:56:33Z,"Mount has been the worst player for us by far. Him and Phillips have to come off!"
2021-07-11T20:57:10Z,"Chiellini deserved to get bitten by Suarez."
2021-07-11T20:58:13Z,"@dunndiv What do you expect ? 
Let saka run &amp; score ? ğŸ˜‚ğŸ˜‚
It was literally the last 20 seconds"
2021-07-11T20:58:32Z,"Mount still being on is rattling me"
2021-07-11T20:59:14Z,"England havenâ€™t had a shot on goal since Luke Shaw right???"
2021-07-11T21:00:02Z,"TOON, TOON ARMY!! TOON, TOON ARMY!!"
2021-07-11T21:00:37Z,"@cndshark19 @paul_winginit Not a proper streaker, but very good at evading security! 
https://t.co/crNJSjLshI"
2021-07-11T21:00:58Z,"@knightofdelta Our brothers don collect mafia business from their hand for Italy"
2021-07-11T21:01:05Z,"Come on saka we believe in youu"
2021-07-11T21:01:21Z,"send him to The Hague"
2021-07-11T21:01:22Z,"Itâ€™s about time fir an England attaching player to score a goal.  Can we get Rashford and Grelish on?"
2021-07-11T21:02:04Z,"@smoothlocaI @TELEAZE Italy player pulled a British player down"
2021-07-11T21:02:06Z,"ITALY I BETTER GETTING DOME FUCKING FREE PIZZA AALA KEL HAL DA3EM W IM NOT EVEN WATCHING THE MATCH"
2021-07-11T21:02:07Z,"Pray ğŸ™ for me England ğŸ´ó §ó ¢ó ¥ó ®ó §ó ¿ right now. This is our last chance, lord I ask for one win ğŸ¥‡.  Please lord Iâ€™m begging you.   ENGLAND ğŸ´ó §ó ¢ó ¥ó ®ó §ó ¿. #ENG #Euro2020Final  ENGLAND SING ONE SONG ! https://t.co/yCsh5ySeV9"
2021-07-11T21:03:05Z,"@forson007 I shock self Italy could go on  to win"
2021-07-11T21:03:14Z,"Would love to see Rashford or Sancho have a run at an ageing, tired, Italian central defence who are both on yellow cards. #eng #EURO2020"
2021-07-11T21:03:22Z,"@jrwadsworth18 Against anyone else in a normal match yes..

Never against Chiellini going into Extra Time of his last Euros final"
2021-07-11T21:05:02Z,"Chiellini being Chiellini. Poor Saka should have known

#Euro2020Final #ENGITA https://t.co/MhgZyT85Qy"
2021-07-11T21:05:16Z,"Englands best chance is set piece or penalties. It's advantage Italy, England shattered."
2021-07-11T21:05:24Z,"@keqingsbb The only time you can get a red card is if saka was close to scoring a goal"
2021-07-11T21:05:32Z,"NEVERMIND. 

I forgot about JACK GREALISH. 
Lord have mercy. 

#ENG"
2021-07-11T21:07:18Z,"MOUNT OFF GREALISH ON"
2021-07-11T21:07:29Z,"England need fresh legs, maybe mount for Jadon ?"
2021-07-11T21:08:16Z,"#Italians defo know how to defend #ITAENG #Euro2020Final"
2021-07-11T21:10:04Z,"England get battered everywhere they go https://t.co/XKnX2XAbVt"
2021-07-11T21:10:35Z,"Mason Mount is still on the pitch"
2021-07-11T21:10:59Z,"Kane is dead weight sub him out!"
2021-07-11T21:11:18Z,"England fans tonight: https://t.co/dQIbaDVptD"
2021-07-11T21:12:04Z,"@zaynmalik Exactly! Chiellini played real dirty."
2021-07-11T21:12:22Z,"@mercuriika this is all i know about nonamerican foobaw in England https://t.co/z6EQrKs2wf"
2021-07-11T21:12:33Z,"I know you want it to come home but what if we go for joint custody instead. Football stays with England, but stays Italy on the weekends and Christmas?"
2021-07-11T21:12:57Z,"just so yall know, sterling is the only reason england ever deserved to win."
2021-07-11T21:13:56Z,"fuck you italy"
2021-07-11T21:15:58Z,"Verrati and Jorginho have dominated this game ğŸ¯"
2021-07-11T21:16:18Z,"Pickford been very good. Now afraid heâ€™ll be shootout hero ğŸ˜…"
2021-07-11T21:17:14Z,"@Rendyle_Hasan @purrlgreytea LOOOL but we just need the one hanging out at the Rising Stones ğŸ¥ºâœ¨ https://t.co/Dqb9KPq4Op"
2021-07-11T21:17:26Z,"Pickford man of the match win or lose idc"
2021-07-11T21:17:37Z,"Donnarumma is â€œugly cuteâ€ tho and â€œvery stable lookingâ€ compared to Pickford who she wouldnâ€™t date"
2021-07-11T21:18:02Z,"nah harry kane pls dkm youâ€™re not that guyyy just go score"
2021-07-11T21:19:17Z,"@PHauchentaus Sterling's been much better. In my opinion..."
2021-07-11T21:20:06Z,"Just told my dad this"
2021-07-11T21:21:18Z,"just need harry kane to get half a chance"
2021-07-11T21:22:24Z,"@ITGuy_UK @CampeonesLfc I've seen about 50 different videos of violence, now not all England fans are like that obviously but it's a major issue."
2021-07-11T21:22:57Z,"pls no penalties italy score"
2021-07-11T21:23:34Z,"if england donâ€™t win, marcus rashford is more than welcome to come cry on my shoulders :)"
2021-07-11T21:24:34Z,"Iâ€™m really hurt, I want Italy to win so badly"
2021-07-11T21:25:02Z,"So I donâ€™t understand how people can say that England is playing better and I donâ€™t think a red card would change anything because England hasnâ€™t created anything for so long and the percentage is like 75 to 25 so ye"
2021-07-11T21:25:56Z,"All this heaving the ball upfield is pointless.  It just invites Italy to come back at them âš½ï¸"
2021-07-11T21:25:56Z,"@Hobis____Sprite Pakistan already fucked up their one day against England and I can't even blame the English because it was the pakistani team that just play beqwaas cricket like I WAS SO ANNOYED AND IM STILL ANNOYED"
2021-07-11T21:26:33Z,"@billy_m1997 Nah Maguire domestically isn't as clinical as he's been in this..if he was like that in the league he would justify his price tag and then some..Shaw has played himself a belting new contract though"
2021-07-11T21:27:20Z,"saka a 10/10 player but today lord"
2021-07-11T21:27:29Z,"England fans. No wonder everyone hates them"
2021-07-11T21:27:36Z,"@Gilitemaxx Rooting for Italy while drinking tea ğŸ˜"
2021-07-11T21:28:20Z,"asia is in fact the name of a cat did you know"
2021-07-11T21:29:06Z,"STERLING CAN YOU SORT YOURSELF OUT PLS AND THANK YOU"
2021-07-11T21:29:08Z,"Why is Jack Grealsh wearing little bobby socks? #EURO2020 #Euro2020Final #ENGITA"
2021-07-11T21:29:23Z,"@MainManMina Same reason DCL doesnâ€™t get a look in same reason Pickford is slagged off they donâ€™t play for the money 6"
2021-07-11T21:29:59Z,"Italy needs to hurry up and get a goal before penalty shoot out startsğŸ˜­
#Euro2020Final https://t.co/xs97Sx2J8H"
2021-07-11T21:30:02Z,"@Gideon_Kitheka @AlinurMohamed_ Atleast he stands with England or for England .. ama?"
2021-07-11T21:30:09Z,"Chiellini appreciation tweet"
2021-07-11T21:30:20Z,"why hasnâ€™t this been deleted yet"
2021-07-11T21:30:21Z,"@Tongie85 Kane to finish his impression on Nelsonâ€™s Column?"
2021-07-11T21:31:01Z,"The thing is Italy will do anything at this point and England should do the same. They are giving me Saurez vibes at this point"
2021-07-11T21:31:04Z,"ykâ€¦â€¦ maybe iâ€™ll switch to england haha"
2021-07-11T21:31:10Z,"Jorginho, is a fucking dirty cunt, and Iâ€™m a Chelsea fan, fuck off"
2021-07-11T21:31:13Z,"THAT'S RED FOR JORGINHO

COME ON HE'S WALKED ON GREALISH"
2021-07-11T21:31:16Z,"@Wyckietas England are becoming dominant."
2021-07-11T21:31:22Z,"Fuck you Jorginho youâ€™re not cute no more"
2021-07-11T21:31:57Z,"@liamurray23 Couldnt be a red, Jorginho reaches the ball before Grealish, and after that steps on him but is an accident, not intentionak"
2021-07-11T21:32:18Z,"SHOULD BE RED FOR JORGINHO!!"
2021-07-11T21:32:36Z,"@NathaniaCeleste Tell mommy sterling sport is Olympic diving he will get Gold in Tokyo for sure next mth"
2021-07-11T21:32:57Z,"That's should be red card at Jorginho.
."
2021-07-11T21:33:00Z,"Penalty no pay Englandâ€¦nah them and their media put the pressure on these guys"
2021-07-11T21:33:28Z,"The Romans stood by and let Jesus be crucified! England has to win tonight!"
2021-07-11T21:34:29Z,"Italy with their 11th substitute"
2021-07-11T21:35:07Z,"Where are the masks? I mean these English fans are just behaving as if it's a normal game. Disgraceful. #ENGITA"
2021-07-11T21:35:24Z,"@johbtw @lol_dahA @HeyDiegoGA @Caedrel Agreed but what does that have to do with saka"
2021-07-11T21:35:58Z,"Masterclass en approche.

#ITAANG 
#EURO2020 
#Euro2020Final https://t.co/AD3TtXm6RN"
2021-07-11T21:36:02Z,"Please, somebody score a goal. Preferably for England."
2021-07-11T21:36:25Z,"@zaynmalik stop the ratio my man loves Italia leave him alone ğŸ˜­"
2021-07-11T21:36:26Z,"Italy is playing dirty. These lot are being too aggressive like calm down"
2021-07-11T21:37:05Z,"Also Italy torture to England
#Euro2020Final #EuroFinal #EurosInHindi #EURO2020 #EnglandvsItaly #ItsComingRome #Champions https://t.co/toRIZBdc08"
2021-07-11T21:37:14Z,"One of the reasons I tipped them to win tonight.  Their players are too solid."
2021-07-11T21:38:01Z,"i cnt believe imma say dis but saka needed 2 go after he got dragged"
2021-07-11T21:38:02Z,"This is painful now #EURO2020"
2021-07-11T21:39:06Z,"If England lose this Iâ€™d 1000% on Southgate. So conservative after they had the lead. #ENG #ITAENG"
2021-07-11T21:39:08Z,"COME ON ENGLAND!!!!"
2021-07-11T21:39:24Z,"i want england to win because itâ€™s hella weird to see my dad cry"
2021-07-11T21:40:32Z,"Christ.... I don't think I can take this anymore #EURO2020"
2021-07-11T21:41:17Z,"Italy wins on penalties 4-3"
2021-07-11T21:41:57Z,"What the fuck is wrong with you all???!!! #EURO2020 #AshamedtobeEnglish"
2021-07-11T21:42:07Z,"Echo, play The Sound Of Silence.

#ENGITA"
2021-07-11T21:43:23Z,"Luke Shaw
Rashford
Sancho
Maguire 

Will be 4 of the 5 penalty takers I bet"
2021-07-11T21:44:16Z,"canâ€™t stop thinking about that england fan"
2021-07-11T21:45:07Z,"Chiellini to Harry Kane. One hug. 

Mfker was toying with Alba."
2021-07-11T21:45:21Z,"never thought id say this but come on england"
2021-07-11T21:45:28Z,"So is Covid not in England anymore? #euro2021final"
2021-07-11T21:45:28Z,"@Official_T4O England havnt had a shot on target since the second minute, defensively they've been decent but overall Italy have brought more to the game and probably deserve the win"
2021-07-11T21:45:32Z,"@hennessyjack10 What sort of take is that you cretin ? Kane had a no show at all. So Iâ€™m not allowed criticise Sterling ? Wtf ?"
2021-07-11T21:45:36Z,"Youâ€™re black"
2021-07-11T21:45:56Z,"Pickford out, Mr Tickle on

#Euro2020Final"
2021-07-11T21:46:02Z,"I just remembered capital one cup final ğŸ¥´"
2021-07-11T21:46:04Z,"@seherejazx Same!! Who are you rooting for? I personally have to go with Italy"
2021-07-11T21:46:10Z,"Pickford come on man"
2021-07-11T21:46:11Z,"@catherine_mayer This is Too much.Forget https://t.co/1fla56VKdf tomorrow.Not if England win."
2021-07-11T21:46:18Z,"Pickford come on darling youâ€™ve pulled through the entire match DONT let us down now"
2021-07-11T21:46:26Z,"Italy the better penalty team based on absolutely nothing other than I like their pasta sauce."
2021-07-11T21:46:34Z,"Never hated anyone as much as doner kebab Italy keep"
2021-07-11T21:46:37Z,"@Squawka would it be possible to get Mason Mountâ€™s numbers for the final please?"
2021-07-11T21:47:08Z,"Pickford will be the ultimate loser 
#Euro2020Final #ENGITA"
2021-07-11T21:47:33Z,"Italy's competitive shoot-out record is W5 L7."
2021-07-11T21:48:56Z,"ENGLAND ARE GONNA WIN AINT THEY"
2021-07-11T21:50:23Z,"plssss Italy"
2021-07-11T21:50:25Z,"Leicesterâ€™s reaction as England take the lead on penalties https://t.co/n6EO6qa0Tk"
2021-07-11T21:50:28Z,"Harry Maguire just broke the gopro in a euros final shootout"
2021-07-11T21:50:39Z,"Pubs across England following that miss https://t.co/MRzxst9vAD"
2021-07-11T21:51:01Z,"I been following since a wee lad syndicate but this tweet so bad I think itâ€™s time"
2021-07-11T21:51:32Z,"my boy is getting all the racist abuse please win England ğŸ™ğŸ™"
2021-07-11T21:51:59Z,"i'm rooting for italy but i can't believe rashford missed that ğŸ˜­"
2021-07-11T21:52:02Z,"Kan Rashford. ğŸ˜‚ Untung Maguire gol."
2021-07-11T21:52:07Z,"Me rooting for England secretly but also me having to root for Italy because my family canâ€™t let go of the fact that England beat us in the World Cup LOL https://t.co/FiRUCA7g1O"
2021-07-11T21:52:27Z,"England and penalties"
2021-07-11T21:52:40Z,"England's wonder boys doing mad run ups and throwing away the euros is hilarious"
2021-07-11T21:53:20Z,"Both guys England subbed in missed ğŸ˜‚ğŸ˜‚ğŸ˜‚"
2021-07-11T21:53:33Z,"thanks pickford babe"
2021-07-11T21:53:39Z,"NANANNQNANN PICKFORD TROP FORT"
2021-07-11T21:54:05Z,"Jordan Pickford is the LOVE OF MY LIFE"
2021-07-11T21:54:11Z,"Game over - Jorginho -- Balloon d'or"
2021-07-11T21:54:11Z,"PICKFORD"
2021-07-11T21:54:32Z,"well that was close #ENGITA"
2021-07-11T21:55:26Z,"It's coming home. To Italy"
2021-07-11T21:56:15Z,"@snboxing That was some dramatic stuff #EURO2020"
2021-07-11T21:56:30Z,"@RJoots 2-0 England-Germany"
2021-07-11T21:56:39Z,"@WajahatAli Italy deserves the win!"
2021-07-11T21:57:17Z,"GET FUCKED ENGLAND!!!! Also, I'm really glad Italy won the Euros."
2021-07-11T21:57:31Z,"Well fair play to the England team , they put everything out there , I hope the fans wonâ€™t let them down tonight ."
2021-07-11T21:57:38Z,"Get owned England."
2021-07-11T21:58:01Z,"I only feel for Saka, idc for the others"
2021-07-11T21:58:15Z,"I was rooting for Italy but i feel so bad for the english player who took the last penalty omfg"
2021-07-11T21:58:23Z,"I swear just bc of how horrible the england fans have been! Iâ€™m so happy"
2021-07-11T21:58:56Z,"Le taux de racisme en Angleterre aprÃ¨s les ratÃ©s de Rashford, Sancho et Saka https://t.co/hl6wRrQRGz"
2021-07-11T21:59:22Z,"So Rashford cost Utd the Europa League by missing a penalty and he's done the same thing for England. #Euro2020Final"
2021-07-11T22:01:01Z,"@akinalabi England showed some careless confidence with the penalties. 

Italy gave them chance to claim it, and yet again - they â€œspuredâ€  it"
2021-07-11T22:01:06Z,"not looking forward to italy's celebrations"
2021-07-11T22:02:09Z,"Penalties stopping England from winning a major tournament once again https://t.co/LrXPf5rRIY"
2021-07-11T22:02:22Z,"Did not think Iâ€™d be upset at this outcome but England did so well and it was lovely seeing the camaraderie. So well played ğŸ‘ https://t.co/mTwcnL1EYQ"
2021-07-11T22:02:35Z,"That said, it's been a great performance to get as far as we have. Massive accomplishment and I feel like there's a lot more to come. Can't begrudge Italy, been class for a lot of the tournament"
2021-07-11T22:02:37Z,"Plus the Italians played dirty af and our lads kept it clean (despite Saka being literally strangled by the Italian captain âœŒğŸ¼)"
2021-07-11T22:03:02Z,"@R3BECCAKING It's an AWFUL decision from Southgate to let him take that. Even if Saka has said he wants to, he's 19. 

Southgate has Sterling &amp; Grealish there to take pens too, and yet doesn't use either of them?!"
2021-07-11T22:04:28Z,"italy won cos saka got strangled into the next life ğŸ’€ #Euro2020Final https://t.co/lLmyeJh2sA"
2021-07-11T22:04:35Z,"SaygÄ±lar sinyor mancini..#EURO2020"
2021-07-11T22:06:29Z,"All black guys. Nbs race war for England"
2021-07-11T22:07:04Z,"@HayleyMinogueTV Penalties is always a horrible way to end a game. Ask any England fan ğŸ˜Ÿ"
2021-07-11T22:07:15Z,"Well done #England you have brought light in dark times #Euro2020Final #beproud"
2021-07-11T22:07:34Z,"@FunGuyBurner @weezle1400 England fans when they see a woman https://t.co/6RIf26iGOo"
2021-07-11T22:07:36Z,"@WestHamClips Baffling decisions the whole game, who'd get kids to take pens. Saka looked shit scared from the moment he came on."
2021-07-11T22:08:00Z,"england fans when rashford walks out of the stadium https://t.co/F0aqIsvArA"
2021-07-11T22:08:09Z,"Can never forget the night Scotland played Italy (the diving, cheating barstands that night) at Hampden and the chant was, â€œdeep-fry your pizzas, weâ€™re gonna deep-fry your pizzas.â€ Class. Pure class. ğŸ´ó §ó ¢ó ³ó £ó ´ó ¿ğŸ‡®ğŸ‡¹"
2021-07-11T22:09:12Z,"@rosestvles I actually donâ€™t agree with that, but anyway.. iâ€™m just sad cause England deserve this more"
2021-07-11T22:09:38Z,"If youve been out to the pub &amp; youve had a drink... Just be careful, there may be some frustration on the streets tonight after the final scores. 

Stay safe! Xxx

#EURO2020"
2021-07-11T22:09:39Z,"White people using Saka being yanked by the collar as a meme need to die immediately"
2021-07-11T22:10:02Z,"Hammersley &amp; Co. Bone China Tea Or Coffee Pot Made in England 2608/4 W 7/37 #ebay #potteryandglass https://t.co/Sf5jXj6jdt"
2021-07-11T22:11:11Z,"@MonyTaIks Grealish, Sterlingâ€¦.. if I see any abuse for Saka Iâ€™m gonna snap"
2021-07-11T22:11:28Z,"I donâ€™t see any issue with allowing Saka take the decisive penalty. He is highly rated and thatâ€™s why he was picked. If Donarumma had dived the other way it would have been a different story. Unlucky."
2021-07-11T22:11:36Z,"Saka, Grealish and Sancho, all subs made way too fucking late. Saka to take the most important penalty as a 19 year old is ridiculous. No Sterling for penalties either? On the bright side Luke Shaw was man of the match and probably Englandâ€™s best Euros player."
2021-07-11T22:12:31Z,"Saka would have come forward to take a penalty. Heâ€™s a professional."
2021-07-11T22:12:33Z,"This is gonna knock sakaâ€™s confidence so much man ğŸ’”"
2021-07-11T22:13:19Z,"England players could at least leave the medals on until the get out of the camera shot"
2021-07-11T22:13:28Z,"@nathansmokee damn man you really saved all of england with this tweet!"
2021-07-11T22:13:56Z,"Sorry England, it's my fault. I had pizza for lunch"
2021-07-11T22:14:07Z,"ğŸ’” Heartbreak for England yet again on penalties. 

ğŸ‡®ğŸ‡¹ It's going to Rome!

#EURO2020 https://t.co/npyaON5J7A"
2021-07-11T22:14:32Z,"'Diversity' can't score penalties.

My final word on the subject.

#ENGITA https://t.co/IoyKXC4y4s"
2021-07-11T22:14:35Z,"Sanity! 
World will never forget your contribution for #peace #Italy .... ğŸ˜‚
Congratulations #Ita #EURO2020 https://t.co/JKWg6qUUzt"
2021-07-11T22:14:40Z,"Congratulations to Giorgio Chiellini, to win his first international trophy at age 53, what a story. #ITAENG"
2021-07-11T22:15:09Z,"Never thought I'd see another italy title after 2018. I will use English tears as my life-force for the next year. FORZA ITALIA CHAMPS #EURO2020 https://t.co/vg7FqJDJJL"
2021-07-11T22:16:18Z,"Honestly 
Why would he do that?
Was he not thinking?"
2021-07-11T22:16:40Z,"Well, at least itâ€™s saved Â£80 on a new england shirt"
2021-07-11T22:18:22Z,"happy race week and happy italy win! well deserved!"
2021-07-11T22:19:16Z,"@OhWhenTheBeans_ ğŸ¤ Italy actually deserved it they played amazing from the start"
2021-07-11T22:19:21Z,"Man's 22. Saves the penalty to win the Euros for his country, and walks off like he's taking a stroll in the park. Avere le palle."
2021-07-11T22:19:34Z,"What. A. Guy. #manlikegareth #EURO2020"
2021-07-11T22:19:57Z,"@LadToDad_ Aye. Would loved to have seen England go for it. Bring on Rashford, Sancho and Jack earlier."
2021-07-11T22:20:02Z,"Well the noise should only last for tonight since Italy won... no slander on my guys will be tolerated tomorrow"
2021-07-11T22:20:19Z,"@_KnowlesyKnows Same. But Grealish? Sterling?"
2021-07-11T22:20:36Z,"@zakbowyer02 Ridiculous for saka to be taking one. Shouldâ€™ve been Sterling"
2021-07-11T22:21:22Z,"Kane bado hajai win trophy, itabidi angoje glory hunting Man city next season"
2021-07-11T22:21:28Z,"we took the cup to RomeğŸ‡®ğŸ‡¹ğŸ‡®ğŸ‡¹"
2021-07-11T22:21:30Z,"@SportsCenter gg to Italy. They came into the second half on fire. As an England fan I'm happy we got to a point we haven't achieved in 55 years but the title is gonna have to wait. Maybe one day before I die we will win something ğŸ¤£"
2021-07-11T22:21:34Z,"Italy ğŸ‡®ğŸ‡¹ has silenced the noise makers ğŸ˜‚ğŸ˜‚ğŸ˜‚ğŸ˜‚ğŸ˜‚ğŸ˜‚ #ITA #Euro2020Final"
2021-07-11T22:22:31Z,"@hamza_gheewala @ValentineMwamb3 man italy got lucky w penalties, but it was well deserved"
2021-07-11T22:22:38Z,"Cristiano Ronaldo wins Golden Boot 2020 
https://t.co/69YJMwyjR2"
2021-07-11T22:23:19Z,"Yeah we lost out on pens, would argue itâ€™s the worst decision Southgate has made is putting the young lads on pens that important. Too much pressure, not enough experience. 

But to say Italy deserved that win based on pens is a joke, bad sportsmanship the whole game from them."
2021-07-11T22:23:20Z,"@dawesy2801 @Danny_AFC What a knob. As if two other pens weren't missed before Saka stepped up. 

Fuck off."
2021-07-11T22:23:22Z,"@433 ğŸ˜‚ğŸ˜‚ğŸ˜‚ğŸ˜‚ğŸ˜‚ğŸ˜‚ğŸ˜‚ğŸ˜‚ğŸ˜‚ğŸ˜‚ğŸ˜‚ğŸ˜‚ğŸ˜‚ğŸ˜‚ğŸ˜‚ğŸ˜‚ğŸ˜‚ğŸ˜‚ğŸ˜‚ğŸ˜‚ğŸ˜‚ğŸ˜‚ğŸ˜‚ğŸ˜‚ğŸ˜‚ğŸ˜‚ğŸ˜‚ğŸ˜‚ğŸ˜‚ğŸ˜‚ğŸ˜‚ğŸ˜‚ğŸ˜‚ğŸ˜‚ğŸ˜‚ğŸ˜‚ğŸ˜‚LETS ALLL LAUGH AT ENGLAND ğŸ˜‚ğŸ˜‚ğŸ˜‚ğŸ˜‚ğŸ˜‚ğŸ˜‚ğŸ˜‚ğŸ˜‚ğŸ˜‚ğŸ˜‚ğŸ˜‚ğŸ˜‚ğŸ˜‚ğŸ˜‚ğŸ˜‚ğŸ˜‚ğŸ˜‚ğŸ˜‚ğŸ˜‚ğŸ˜‚ğŸ˜‚ğŸ˜‚ğŸ˜‚ğŸ˜‚ğŸ˜‚ğŸ˜‚ğŸ˜‚ğŸ˜‚ğŸ˜‚ğŸ˜‚ğŸ˜‚ğŸ˜‚ğŸ˜‚ğŸ˜‚ğŸ˜‚ğŸ˜‚ğŸ˜‚ITS COMING HOME?? ğŸ˜‚ğŸ˜‚ğŸ˜‚ğŸ˜‚ğŸ˜‚ğŸ˜‚ğŸ˜‚ğŸ˜‚ğŸ˜‚ğŸ˜‚ğŸ˜‚ğŸ˜‚ğŸ˜‚ğŸ˜‚ğŸ˜‚ğŸ˜‚ğŸ˜‚ğŸ˜‚ğŸ˜‚ğŸ˜‚ğŸ˜‚ğŸ˜‚ğŸ˜‚ğŸ˜‚ğŸ¤£ğŸ¤£ğŸ¤£ğŸ¤£ğŸ¤£ğŸ¤£ğŸ¤£ğŸ¤£ğŸ¤£ğŸ¤£ğŸ¤£ğŸ¤£ğŸ¤£ğŸ¤£ğŸ¤£ğŸ¤£ğŸ¤£ğŸ¤£ğŸ¤£"
2021-07-11T22:23:24Z,"@FabrizioRomano Iâ€™m sorry but this is never gonna be easy especially for SANCHO. All the hard work done by Maguire, Shaw, Rice, Phillips and Sterling has been undone in 5 minutes. This is going to be haunting them for the rest of their lives!"
2021-07-11T22:24:40Z,"@FAVORITEtrait0r @otbellie @falIingwalIs It was a random move in the middle of the game, Italy didn't won because of it. Cry about it"
2021-07-11T22:25:17Z,"I don't blame Saka, Sancho and Rashford. Its the Utd and Arsenal shite running in their bloodğŸ˜‚ğŸ˜‚ğŸ˜‚ğŸ˜‚ğŸ˜‚. #EURO2020 #Saka #rashford #Sancho #ForzaItalia #ForzaAzzuri #ItsComingHome"
2021-07-11T22:25:33Z,"Italy well deserved"
2021-07-11T22:26:04Z,"Italy played way too dirty &amp; did not deserve that win at all imo"
2021-07-11T22:26:04Z,"Now I get why the abuse rates go up when England plays. They put their sore losing off on the first person they see that they see as some kind of reason why they lost. That poor Italian man did nothing wrong and he just got beaten up. Just for being Italian. The fuck"
2021-07-11T22:26:15Z,"England boutta declare war on Italy ğŸ’€"
2021-07-11T22:26:56Z,"The end to that England - Italy game really sums up England's problems in a nutshell doesn't it?
#England #euro2021final #Euros"
2021-07-11T22:26:56Z,"Yâ€™all, my tl is full of England and Italy. Iâ€™m just here for ships ğŸ˜­"
2021-07-11T22:27:10Z,"in conclusion: 2021 is italy's year"
2021-07-11T22:27:28Z,"@PopCrave and england? OUT
https://t.co/W6ozXuD3UN"
2021-07-11T22:27:31Z,"Nice shot twin ğŸ¤"